# deleted postag entries
#-------------------------------------------------------------------------------
# Do not add words here, but report them to languagetool@taaltik.nl
#-------------------------------------------------------------------------------
AWBZ-verstrekking	AWBZ-verstrekking	UNSPECIFIED
Braziliaans-Portugees	Braziliaans-Portugees	UNSPECIFIED
Centraal-Europees	Centraal-Europees	UNSPECIFIED
Duizend-en-een-nacht	Duizend-en-een-nacht	UNSPECIFIED
Hongkong-Chinezen	Hongkong-Chinezen	ZNW:MRV:DE_
Kőhler	Kőhler	ENM:PER:LST:NIX
Kőhlers	Kőhler	ENM:BEZ
NAVO-ambassadeur	NAVO-ambassadeur	UNSPECIFIED
NAVO-bevelhebber	NAVO-bevelhebber	UNSPECIFIED
NAVO-bombardement	NAVO-bombardement	UNSPECIFIED
NAVO-functionaris	NAVO-functionaris	UNSPECIFIED
NAVO-hoofdkwartier	NAVO-hoofdkwartier	UNSPECIFIED
NAVO-luchtmacht	NAVO-luchtmacht	UNSPECIFIED
NAVO-secretaris-generaal	NAVO-secretaris-generaal	UNSPECIFIED
NAVO-strijdkrachten	NAVO-strijdkrachten	UNSPECIFIED
Noordwest-Europees	Noordwest-Europees	ZNW:EKV
Onze-Lieve-Vrouw-Hemelvaart	Onze-Lieve-Vrouw-Hemelvaart	UNSPECIFIED
Oost-Europadeskundigen	Oost-Europadeskundigen	ZNW:MRV:DE_
Oost-Indiëvaarder	Oost-Indiëvaarder	ZNW:EKV
Syrisch-orthodox	Syrisch-orthodox	UNSPECIFIED
Ulm	Ulm	ENM:PER:LST:NIX
Z-verpleegkundige	Z-verpleegkundige	UNSPECIFIED
aanslaand	aanslaand	BNW:STL:ONV
abat-jour	abat-jour	UNSPECIFIED
abat-jours	abat-jours	UNSPECIFIED
achteruitgaand	achteruitgaand	BNW:STL:VRB
achteruitgaande	achteruitgaande	BNW:STL:VRB
actie-reacties	actie-reactie	ZNW:MRV:DE_
afschrikte	afschrikte	UNSPECIFIED
auditoraat-generaal	auditoraat-generaal	UNSPECIFIED
bedrijfstak-cao	bedrijfstak-cao	ZNW:EKV
bigbanden	bigband	ZNW:MRV:DE_
cd-recorder	cd-recorder	UNSPECIFIED
christelijk-orthodox	christelijk-orthodox	BNW:STL:VRB
de-industrialisatie	de-industrialisatie	UNSPECIFIED
deschynkel	deschynkel	ENM:PER:LST:NIX
deschynkels	deschynkel	ENM:BEZ
doodgaand	doodgaand	BNW:STL:ONV
doodslaand	doodslaand	BNW:STL:ONV
doorskië	doorskiën	ENM:LOC:RGN
dáárdoor	dáárdoor	UNSPECIFIED
energie-uitgave	energie-uitgave	ZNW:EKV
ex-voetbaltrainer	ex-voetbaltrainer	UNSPECIFIED
f's	f's	UNSPECIFIED
fondsenwerven	fondsenwerven	ZNW:MRV:DE_
forti	forti	UNSPECIFIED
gadeslaand	gadeslaand	BNW:STL:ONV
gewaterfietst	gewaterfietst	UNSPECIFIED
groente-exporteur	groente-exporteur	ZNW:EKV
heen-en-weergeloop	heen-en-weergeloop	UNSPECIFIED
heengaand	heengaand	UNSPECIFIED
heetlopen	heetlopen	ZNW:MRV:DE_
herfstbladeren	herfstblad	ZNW:MRV:DE_
herfstblaren	herfstblaren	ZNW:MRV:DE_
herwonen	herwinnen	WKW:VLT:INF
homo-identiteit	homo-identiteit	ZNW:EKV
ineenslaand	ineenslaand	BNW:STL:ONV
inolië	inoliën	ENM:LOC:RGN
inzichtgevende	inzichtgevende	BNW:STL:VRB
kankerremmende	kankerremmende	BNW:STL:VRB
klaarstaand	klaarstaand	BNW:STL:ONV
koperhoudende	koperhoudende	BNW:STL:VRB
kortlevende	kortlevende	BNW:STL:VRB
l's	l's	UNSPECIFIED
leden-veehouders	leden-veehouders	ZNW:MRV:DE_
lentebladeren	lenteblad	ZNW:MRV:DE_
levensbepalend	levensbepalend	UNSPECIFIED
levensbepalende	levensbepalende	ZNW:EKV:DE_
lichtgewichte	lichtgewichte	UNSPECIFIED
losgaand	losgaand	BNW:STL:ONV
make-upspullen	make-upspullen	ZNW:MRV:DE_
meeneurië	meeneuriën	ENM:LOC:RGN
meerij	meerij	UNSPECIFIED
mini-game	mini-game	UNSPECIFIED
mini-games	mini-games	ZNW:MRV:DE_
naslaand	naslaand	UNSPECIFIED
neerslaand	neerslaand	BNW:STL:ONV
negen-tot-vijfbaan	negen-tot-vijfbaan	UNSPECIFIED
negen-tot-vijfmentaliteit	negen-tot-vijfmentaliteit	UNSPECIFIED
neurië	neuriën	ENM:LOC:RGN
niet-communistische	niet-communistische	BNW:STL:VRB
niet-persoonsgebonden	niet-persoonsgebonden	BNW:STL:VRB
niet-vrijblijvend	niet-vrijblijvend	UNSPECIFIED
niet-vrijblijvende	niet-vrijblijvende	BNW:STL:VRB
omstaand	omstaand	UNSPECIFIED
ondergedaan	ondergedaan	UNSPECIFIED
ontbijt-tv	ontbijt-tv	UNSPECIFIED
ontwikkelingspad	ontwikkelingspad	ZNW:EKV
opengaand	opengaand	BNW:STL:ONV
oud-Hollandse	oud-Hollandse	UNSPECIFIED
oud-Indiëganger	oud-Indiëganger	UNSPECIFIED
oud-Indiëgangers	oud-Indiëgangers	UNSPECIFIED
pinkstermiddag	pinkstermiddag	ENM:FSD
pinksterzaterdagmiddag	pinksterzaterdagmiddag	ENM:FSD
plattelandswegen	plattelandswegen	ZNW:MRV:DE_
politiek-diplomatiek	politiek-diplomatiek	BNW:STL:VRB
politiek-diplomatieke	politiek-diplomatieke	BNW:STL:VRB
potdikkie	potdikkie	TSW
pr-verantwoordelijke	pr-verantwoordelijke	UNSPECIFIED
prijsbepalend	prijsbepalend	UNSPECIFIED
prijsbepalende	prijsbepalende	ZNW:EKV:DE_
prijsverhogende	prijsverhogende	BNW:STL:VRB
prinsenbeek	prinsenbeek	ZNW:EKV
prinsenbeekje	prinsenbeek	ZNW:EKV:VRK:HET
prinsenbeekjes	prinsenbeek	ZNW:MRV:VRK:DE_
prinsenbeken	prinsenbeek	ZNW:MRV:DE_
privé-bedrijven	privé-bedrijven	ZNW:MRV:DE_
procureur-fiscaal	procureur-fiscaal	BNW:STL:VRB
recentelijk	recentelijk	BNW:STL:ONV
recentelijke	recentelijk	BNW:STL:VRB
recentelijken	recentelijk	BNW:STL:MRV:DE_
recentelijker	recentelijk	BNW:VGR:ONV
recentelijkere	recentelijk	BNW:VGR:VRB
recentelijkeren	recentelijk	BNW:VGR:MRV:DE_
recentelijkers	recentelijk	BNW:VGR:IET
recentelijks	recentelijk	BNW:STL:IET
recentelijkst	recentelijk	BNW:OVR:ONV
recentelijkste	recentelijk	BNW:OVR:VRB
rolskië	rolskiën	ENM:LOC:RGN
rondgaand	rondgaand	BNW:STL:ONV
rouwer	rouwer	UNSPECIFIED
sauve-qui-peut	sauve-qui-peut	UNSPECIFIED
schadebeperkend	schadebeperkend	UNSPECIFIED
schadebeperkende	schadebeperkende	BNW:STL:VRB
schuilgaand	schuilgaand	BNW:STL:ONV
schuilgegaan	schuilgegaan	BNW:STL:ONV
sociaal-religieus	sociaal-religieus	UNSPECIFIED
sociaal-ruimtelijk	sociaal-ruimtelijk	BNW:STL:VRB
steenwijk	steenwijk	ZNW:EKV:DE_
steenwijken	steenwijk	ZNW:MRV:DE_
steenwijkje	steenwijk	ZNW:EKV:VRK:HET
steenwijkjes	steenwijk	ZNW:MRV:VRK:DE_
stropersen	stropersen	ZNW:EKV
super-pg	super-pg	UNSPECIFIED
tai-chiën	tai-chiën	UNSPECIFIED
terugskië	terugskiën	ENM:LOC:RGN
tuisen	tuisen	ZNW:EKV
uitsponen	uitspinnen	WKW:VLT:INF
uitsponnen	uitsponnen	ZNW:MRV:DE_
ver-van-je-bedshow	ver-van-je-bedshow	UNSPECIFIED
verblinder	verblinder	UNSPECIFIED
voorst	voorst	UNSPECIFIED
waterfietsend	waterfietsend	ZNW:EKV:HET
waterfietst	waterfietst	UNSPECIFIED
waterfietste	waterfietste	UNSPECIFIED
waterfietsten	waterfietsten	UNSPECIFIED
wegslaand	wegslaand	BNW:STL:ONV
wiië	wiiën	ENM:LOC:RGN
woede-aanvallen	woede-aanvallen	ZNW:MRV:DE_
zaan	zaan	UNSPECIFIED
zetmeelhoudende	zetmeelhoudende	BNW:STL:VRB
ziekte-uren	ziekte-uren	ZNW:MRV:DE_
zwart-wit-tv	zwart-wit-tv	UNSPECIFIED
Átol	Átol	ENM:PER:LST:NIX
Átols	Átol	ENM:BEZ
Âbbadi	Âbbadi	ENM:PER:LST:NIX
Âbid	Âbid	ENM:PER:LST:NIX
Âbids	Âbid	ENM:BEZ
Âchâche	Âchâche	ENM:PER:LST:NIX
Âchâches	Âchâche	ENM:BEZ
Âdmi	Âdmi	ENM:PER:LST:NIX
Âmouri	Âmouri	ENM:PER:LST:NIX
Âouni	Âouni	ENM:PER:LST:NIX
Âssef	Âssef	ENM:PER:LST:NIX
Âssefs	Âssef	ENM:BEZ
Âtiq	Âtiq	ENM:PER:LST:NIX
Âtiqs	Âtiq	ENM:BEZ
Âzani	Âzani	ENM:PER:LST:NIX
Âzif	Âzif	ENM:PER:LST:NIX
Âzifs	Âzif	ENM:BEZ
Âzizi	Âzizi	ENM:PER:LST:NIX
Çabuk	Çabuk	ENM:PER:LST:NIX
Çabuks	Çabuk	ENM:BEZ
Çadirci	Çadirci	ENM:PER:LST:NIX
Çagdaş	Çagdaş	ENM:PER:LST:NIX
Çagdaşs	Çagdaş	ENM:BEZ
Çagil	Çagil	ENM:PER:LST:NIX
Çagils	Çagil	ENM:BEZ
Çagirans	Çagiran	ENM:BEZ
Çagla	Çagla	ENM:PER:FST
Çaglan	Çaglan	ENM:PER:LST:NIX
Çaglans	Çaglan	ENM:BEZ
Çaglars	Çaglar	ENM:BEZ
Çaglayan	Çaglayan	ENM:PER:LST:NIX
Çaglayans	Çaglayan	ENM:BEZ
Çagli	Çagli	ENM:PER:LST:NIX
Çaglioglu	Çaglioglu	ENM:PER:LST:NIX
Çagri	Çagri	ENM:PER:LST:NIX
Çakal	Çakal	ENM:PER:LST:NIX
Çakals	Çakal	ENM:BEZ
Çakan	Çakan	ENM:PER:LST:NIX
Çakans	Çakan	ENM:BEZ
Çakar	Çakar	ENM:PER:LST:NIX
Çakars	Çakar	ENM:BEZ
Çakici	Çakici	ENM:PER:LST:NIX
Çakil	Çakil	ENM:PER:LST:NIX
Çakils	Çakil	ENM:BEZ
Çakim	Çakim	ENM:PER:LST:NIX
Çakims	Çakim	ENM:BEZ
Çakin	Çakin	ENM:PER:LST:NIX
Çakins	Çakin	ENM:BEZ
Çakirer	Çakirer	ENM:PER:LST:NIX
Çakirers	Çakirer	ENM:BEZ
Çakiroglu	Çakiroglu	ENM:PER:LST:NIX
Çakiroğlu	Çakiroğlu	ENM:PER:LST:NIX
Çakirs	Çakir	ENM:BEZ
Çakiçi	Çakiçi	ENM:PER:LST:NIX
Çakli	Çakli	ENM:PER:LST:NIX
Çakmakci	Çakmakci	ENM:PER:LST:NIX
Çakmaklioglu	Çakmaklioglu	ENM:PER:LST:NIX
Çakmaks	Çakmak	ENM:BEZ
Çakmakçi	Çakmakçi	ENM:PER:LST:NIX
Çakırs	Çakır	ENM:BEZ
Çal	Çal	ENM:PER:LST:NIX
Çalan	Çalan	ENM:PER:LST:NIX
Çalans	Çalan	ENM:BEZ
Çalar	Çalar	ENM:PER:LST:NIX
Çalars	Çalar	ENM:BEZ
Çalbayir	Çalbayir	ENM:PER:LST:NIX
Çalbayirs	Çalbayir	ENM:BEZ
Çalhan	Çalhan	ENM:PER:LST:NIX
Çalhans	Çalhan	ENM:BEZ
Çali	Çali	ENM:PER:LST:NIX
Çalik	Çalik	ENM:PER:LST:NIX
Çalikci	Çalikci	ENM:PER:LST:NIX
Çaliks	Çalik	ENM:BEZ
Çalim	Çalim	ENM:PER:LST:NIX
Çalimli	Çalimli	ENM:PER:LST:NIX
Çalims	Çalim	ENM:BEZ
Çalin	Çalin	ENM:PER:LST:NIX
Çalinalti	Çalinalti	ENM:PER:LST:NIX
Çalins	Çalin	ENM:BEZ
Çalis	Çalis	ENM:PER:LST:NIX
Çalisir	Çalisir	ENM:PER:LST:NIX
Çalisirs	Çalisir	ENM:BEZ
Çaliskan	Çaliskan	ENM:PER:LST:NIX
Çaliskans	Çaliskan	ENM:BEZ
Çaliş	Çaliş	ENM:PER:LST:NIX
Çalişir	Çalişir	ENM:PER:LST:NIX
Çalişirs	Çalişir	ENM:BEZ
Çalişkan	Çalişkan	ENM:PER:LST:NIX
Çalişkaner	Çalişkaner	ENM:PER:LST:NIX
Çalişkaners	Çalişkaner	ENM:BEZ
Çalişkans	Çalişkan	ENM:BEZ
Çalişs	Çaliş	ENM:BEZ
Çalişğan	Çalişğan	ENM:PER:LST:NIX
Çalişğans	Çalişğan	ENM:BEZ
Çalkin	Çalkin	ENM:PER:LST:NIX
Çalkins	Çalkin	ENM:BEZ
Çalli	Çalli	ENM:PER:LST:NIX
Çallioğlu	Çallioğlu	ENM:PER:LST:NIX
Çalmaz	Çalmaz	ENM:PER:LST:NIX
Çals	Çal	ENM:BEZ
Çaluk	Çaluk	ENM:PER:LST:NIX
Çaluks	Çaluk	ENM:BEZ
Çalı	Çalı	ENM:PER:LST:NIX
Çalıs	Çalı	ENM:BEZ
Çalışkan	Çalışkan	ENM:PER:LST:NIX
Çalışkans	Çalışkan	ENM:BEZ
Çam	Çam	ENM:PER:LST:NIX
Çamalan	Çamalan	ENM:PER:LST:NIX
Çamalans	Çamalan	ENM:BEZ
Çamci	Çamci	ENM:PER:LST:NIX
Çamdere	Çamdere	ENM:PER:LST:NIX
Çamderes	Çamdere	ENM:BEZ
Çamdeviren	Çamdeviren	ENM:PER:LST:NIX
Çamdevirens	Çamdeviren	ENM:BEZ
Çamkerten	Çamkerten	ENM:PER:LST:NIX
Çamkertens	Çamkerten	ENM:BEZ
Çamli	Çamli	ENM:PER:LST:NIX
Çamlibel	Çamlibel	ENM:PER:LST:NIX
Çamlibels	Çamlibel	ENM:BEZ
Çamlidag	Çamlidag	ENM:PER:LST:NIX
Çamlidags	Çamlidag	ENM:BEZ
Çamlik	Çamlik	ENM:PER:LST:NIX
Çamliks	Çamlik	ENM:BEZ
Çamlıdağ	Çamlıdağ	ENM:PER:LST:NIX
Çamlıdağs	Çamlıdağ	ENM:BEZ
Çams	Çam	ENM:BEZ
Çamtosun	Çamtosun	ENM:PER:LST:NIX
Çamtosuns	Çamtosun	ENM:BEZ
Çamur	Çamur	ENM:PER:LST:NIX
Çamurs	Çamur	ENM:BEZ
Çan	Çan	ENM:PER:LST:NIX
Çanak	Çanak	ENM:PER:LST:NIX
Çanaks	Çanak	ENM:BEZ
Çanakçi	Çanakçi	ENM:PER:LST:NIX
Çandir	Çandir	ENM:PER:LST:NIX
Çandirs	Çandir	ENM:BEZ
Çanga	Çanga	ENM:PER:LST:NIX
Çanli	Çanli	ENM:PER:LST:NIX
Çans	Çan	ENM:BEZ
Çanta	Çanta	ENM:PER:LST:NIX
Çantay	Çantay	ENM:PER:LST:NIX
Çantays	Çantay	ENM:BEZ
Çapaci	Çapaci	ENM:PER:LST:NIX
Çapan	Çapan	ENM:PER:LST:NIX
Çapans	Çapan	ENM:BEZ
Çapar	Çapar	ENM:PER:LST:NIX
Çapars	Çapar	ENM:BEZ
Çapartaş	Çapartaş	ENM:PER:LST:NIX
Çapartaşs	Çapartaş	ENM:BEZ
Çapaz	Çapaz	ENM:PER:LST:NIX
Çapkin	Çapkin	ENM:PER:LST:NIX
Çapkins	Çapkin	ENM:BEZ
Çapkurt	Çapkurt	ENM:PER:LST:NIX
Çapkurts	Çapkurt	ENM:BEZ
Çapoğlu	Çapoğlu	ENM:PER:LST:NIX
Çaprak	Çaprak	ENM:PER:LST:NIX
Çapraks	Çaprak	ENM:BEZ
Çaput	Çaput	ENM:PER:LST:NIX
Çaputs	Çaput	ENM:BEZ
Çar	Çar	ENM:PER:LST:NIX
Çaran	Çaran	ENM:PER:LST:NIX
Çarans	Çaran	ENM:BEZ
Çardak	Çardak	ENM:PER:LST:NIX
Çardaks	Çardak	ENM:BEZ
Çare	Çare	ENM:PER:LST:NIX
Çares	Çare	ENM:BEZ
Çarki	Çarki	ENM:PER:LST:NIX
Çarkit	Çarkit	ENM:PER:LST:NIX
Çarkits	Çarkit	ENM:BEZ
Çarkçi	Çarkçi	ENM:PER:LST:NIX
Çarkçı	Çarkçı	ENM:PER:LST:NIX
Çarkçıs	Çarkçı	ENM:BEZ
Çars	Çar	ENM:BEZ
Çat	Çat	ENM:PER:LST:NIX
Çatak	Çatak	ENM:PER:LST:NIX
Çatakli	Çatakli	ENM:PER:LST:NIX
Çataks	Çatak	ENM:BEZ
Çatalbaş	Çatalbaş	ENM:PER:LST:NIX
Çatalbaşs	Çatalbaş	ENM:BEZ
Çatalgöl	Çatalgöl	ENM:PER:LST:NIX
Çatalgöls	Çatalgöl	ENM:BEZ
Çatalkaya	Çatalkaya	ENM:PER:LST:NIX
Çataloğlu	Çataloğlu	ENM:PER:LST:NIX
Çatals	Çatal	ENM:BEZ
Çatalsakal	Çatalsakal	ENM:PER:LST:NIX
Çatalsakals	Çatalsakal	ENM:BEZ
Çatbaş	Çatbaş	ENM:PER:LST:NIX
Çatbaşs	Çatbaş	ENM:BEZ
Çatik	Çatik	ENM:PER:LST:NIX
Çatikkaş	Çatikkaş	ENM:PER:LST:NIX
Çatikkaşs	Çatikkaş	ENM:BEZ
Çatiks	Çatik	ENM:BEZ
Çatlak	Çatlak	ENM:PER:LST:NIX
Çatlaks	Çatlak	ENM:BEZ
Çats	Çat	ENM:BEZ
Çatı	Çatı	ENM:PER:LST:NIX
Çatıs	Çatı	ENM:BEZ
Çavdar	Çavdar	ENM:PER:LST:NIX
Çavdarci	Çavdarci	ENM:PER:LST:NIX
Çavdars	Çavdar	ENM:BEZ
Çavis	Çavis	ENM:PER:LST:NIX
Çavus	Çavus	ENM:PER:LST:NIX
Çavuş	Çavuş	ENM:PER:LST:NIX
Çavuşlar	Çavuşlar	ENM:PER:LST:NIX
Çavuşlars	Çavuşlar	ENM:BEZ
Çavuşlu	Çavuşlu	ENM:PER:LST:NIX
Çavuşs	Çavuş	ENM:BEZ
Çavğa	Çavğa	ENM:PER:LST:NIX
Çayar	Çayar	ENM:PER:LST:NIX
Çayars	Çayar	ENM:BEZ
Çayci	Çayci	ENM:PER:LST:NIX
Çayir	Çayir	ENM:PER:LST:NIX
Çayirci	Çayirci	ENM:PER:LST:NIX
Çayirs	Çayir	ENM:BEZ
Çayiröz	Çayiröz	ENM:PER:LST:NIX
Çaylak	Çaylak	ENM:PER:LST:NIX
Çaylaks	Çaylak	ENM:BEZ
Çayraz	Çayraz	ENM:PER:LST:NIX
Çays	Çay	ENM:BEZ
Çaçan	Çaçan	ENM:PER:LST:NIX
Çaçans	Çaçan	ENM:BEZ
Çaĝlar	Çaĝlar	ENM:PER:LST:NIX
Çaĝlars	Çaĝlar	ENM:BEZ
Çağ	Çağ	ENM:PER:LST:NIX
Çağan	Çağan	ENM:PER:LST:NIX
Çağans	Çağan	ENM:BEZ
Çağdaş	Çağdaş	ENM:PER:FST
Çağdaş	Çağdaş	ENM:PER:LST:NIX
Çağilci	Çağilci	ENM:PER:LST:NIX
Çağiran	Çağiran	ENM:PER:LST:NIX
Çağirans	Çağiran	ENM:BEZ
Çağlak	Çağlak	ENM:PER:LST:NIX
Çağlaks	Çağlak	ENM:BEZ
Çağlayan	Çağlayan	ENM:PER:LST:NIX
Çağlayans	Çağlayan	ENM:BEZ
Çağli	Çağli	ENM:PER:LST:NIX
Çağlı	Çağlı	ENM:PER:LST:NIX
Çağlıs	Çağlı	ENM:BEZ
Çağman	Çağman	ENM:PER:LST:NIX
Çağmans	Çağman	ENM:BEZ
Çağri	Çağri	ENM:PER:FST
Çağri	Çağri	ENM:PER:LST:NIX
Çağs	Çağ	ENM:BEZ
Çaǵlayan	Çaǵlayan	ENM:PER:LST:NIX
Çaǵlayans	Çaǵlayan	ENM:BEZ
Çeb	Çeb	ENM:PER:LST:NIX
Çebi	Çebi	ENM:PER:LST:NIX
Çebs	Çeb	ENM:BEZ
Çec	Çec	ENM:PER:LST:NIX
Çecs	Çec	ENM:BEZ
Çegereks	Çegerek	ENM:BEZ
Çekem	Çekem	ENM:PER:LST:NIX
Çekems	Çekem	ENM:BEZ
Çeken	Çeken	ENM:PER:LST:NIX
Çekens	Çeken	ENM:BEZ
Çeker	Çeker	ENM:PER:LST:NIX
Çekers	Çeker	ENM:BEZ
Çekin	Çekin	ENM:PER:LST:NIX
Çekins	Çekin	ENM:BEZ
Çekiç	Çekiç	ENM:PER:LST:NIX
Çekiçs	Çekiç	ENM:BEZ
Çeku	Çeku	ENM:PER:LST:NIX
Çelaj	Çelaj	ENM:PER:LST:NIX
Çelajs	Çelaj	ENM:BEZ
Çelebioğlu	Çelebioğlu	ENM:PER:LST:NIX
Çelenk	Çelenk	ENM:PER:LST:NIX
Çelenks	Çelenk	ENM:BEZ
Çelens	Çelen	ENM:BEZ
Çelikaği	Çelikaği	ENM:PER:LST:NIX
Çelikbas	Çelikbas	ENM:PER:LST:NIX
Çelikbaş	Çelikbaş	ENM:PER:LST:NIX
Çelikbaşs	Çelikbaş	ENM:BEZ
Çelikbilek	Çelikbilek	ENM:PER:LST:NIX
Çelikbileks	Çelikbilek	ENM:BEZ
Çelikcan	Çelikcan	ENM:PER:LST:NIX
Çelikcans	Çelikcan	ENM:BEZ
Çelikel	Çelikel	ENM:PER:LST:NIX
Çelikels	Çelikel	ENM:BEZ
Çeliker	Çeliker	ENM:PER:LST:NIX
Çelikers	Çeliker	ENM:BEZ
Çelikkal	Çelikkal	ENM:PER:LST:NIX
Çelikkals	Çelikkal	ENM:BEZ
Çelikkaya	Çelikkaya	ENM:PER:LST:NIX
Çelikkols	Çelikkol	ENM:BEZ
Çelikkök	Çelikkök	ENM:PER:LST:NIX
Çelikköks	Çelikkök	ENM:BEZ
Çelikoğlu	Çelikoğlu	ENM:PER:LST:NIX
Çeliks	Çelik	ENM:BEZ
Çeliktaş	Çeliktaş	ENM:PER:LST:NIX
Çeliktaşs	Çeliktaş	ENM:BEZ
Çelikten	Çelikten	ENM:PER:LST:NIX
Çeliktens	Çelikten	ENM:BEZ
Çeliköz	Çeliköz	ENM:PER:LST:NIX
Çelimli	Çelimli	ENM:PER:LST:NIX
Çelme	Çelme	ENM:PER:LST:NIX
Çelmes	Çelme	ENM:BEZ
Çemen	Çemen	ENM:PER:LST:NIX
Çemens	Çemen	ENM:BEZ
Çemrek	Çemrek	ENM:PER:LST:NIX
Çemreks	Çemrek	ENM:BEZ
Çengel	Çengel	ENM:PER:LST:NIX
Çengels	Çengel	ENM:BEZ
Çep	Çep	ENM:PER:LST:NIX
Çepni	Çepni	ENM:PER:LST:NIX
Çeps	Çep	ENM:BEZ
Çerezci	Çerezci	ENM:PER:LST:NIX
Çergel	Çergel	ENM:PER:LST:NIX
Çergels	Çergel	ENM:BEZ
Çeri	Çeri	ENM:PER:LST:NIX
Çermek	Çermek	ENM:PER:LST:NIX
Çermeks	Çermek	ENM:BEZ
Çerçevik	Çerçevik	ENM:PER:LST:NIX
Çerçeviks	Çerçevik	ENM:BEZ
Çerçi	Çerçi	ENM:PER:LST:NIX
Çetes	Çete	ENM:BEZ
Çetindaş	Çetindaş	ENM:PER:LST:NIX
Çetindaşs	Çetindaş	ENM:BEZ
Çetinel	Çetinel	ENM:PER:LST:NIX
Çetinels	Çetinel	ENM:BEZ
Çetiner	Çetiner	ENM:PER:LST:NIX
Çetiners	Çetiner	ENM:BEZ
Çetingüney	Çetingüney	ENM:PER:LST:NIX
Çetingüneys	Çetingüney	ENM:BEZ
Çetinkil	Çetinkil	ENM:PER:LST:NIX
Çetinkils	Çetinkil	ENM:BEZ
Çetinkol	Çetinkol	ENM:PER:LST:NIX
Çetinkols	Çetinkol	ENM:BEZ
Çetinoğlu	Çetinoğlu	ENM:PER:LST:NIX
Çetintas	Çetintas	ENM:PER:LST:NIX
Çetintaş	Çetintaş	ENM:PER:LST:NIX
Çetintaşs	Çetintaş	ENM:BEZ
Çetintürk	Çetintürk	ENM:PER:LST:NIX
Çetintürks	Çetintürk	ENM:BEZ
Çetinöz	Çetinöz	ENM:PER:LST:NIX
Çetokölük	Çetokölük	ENM:PER:LST:NIX
Çetokölüks	Çetokölük	ENM:BEZ
Çeven	Çeven	ENM:PER:LST:NIX
Çevens	Çeven	ENM:BEZ
Çevik	Çevik	ENM:PER:LST:NIX
Çeviker	Çeviker	ENM:PER:LST:NIX
Çevikers	Çeviker	ENM:BEZ
Çeviks	Çevik	ENM:BEZ
Çeçen	Çeçen	ENM:PER:LST:NIX
Çeçens	Çeçen	ENM:BEZ
Çeşim	Çeşim	ENM:PER:LST:NIX
Çeşims	Çeşim	ENM:BEZ
Çeşin	Çeşin	ENM:PER:LST:NIX
Çeşins	Çeşin	ENM:BEZ
Çeşmes	Çeşme	ENM:BEZ
Çiblak	Çiblak	ENM:PER:LST:NIX
Çiblaks	Çiblak	ENM:BEZ
Çicek	Çicek	ENM:PER:LST:NIX
Çiceks	Çicek	ENM:BEZ
Çidem	Çidem	ENM:PER:LST:NIX
Çidems	Çidem	ENM:BEZ
Çifci	Çifci	ENM:PER:LST:NIX
Çifoğlu	Çifoğlu	ENM:PER:LST:NIX
Çift	Çift	ENM:PER:LST:NIX
Çiftci	Çiftci	ENM:PER:LST:NIX
Çiftcibaşi	Çiftcibaşi	ENM:PER:LST:NIX
Çiftdamar	Çiftdamar	ENM:PER:LST:NIX
Çiftdamars	Çiftdamar	ENM:BEZ
Çiftlik	Çiftlik	ENM:PER:LST:NIX
Çiftliks	Çiftlik	ENM:BEZ
Çifts	Çift	ENM:BEZ
Çiftçibaşi	Çiftçibaşi	ENM:PER:LST:NIX
Çiftçioğlu	Çiftçioğlu	ENM:PER:LST:NIX
Çig	Çig	ENM:PER:LST:NIX
Çigdemli	Çigdemli	ENM:PER:LST:NIX
Çigdems	Çigdem	ENM:BEZ
Çigirci	Çigirci	ENM:PER:LST:NIX
Çigri	Çigri	ENM:PER:LST:NIX
Çigs	Çig	ENM:BEZ
Çikikyan	Çikikyan	ENM:PER:LST:NIX
Çikikyans	Çikikyan	ENM:BEZ
Çikolar	Çikolar	ENM:PER:LST:NIX
Çikolars	Çikolar	ENM:BEZ
Çikrak	Çikrak	ENM:PER:LST:NIX
Çikraks	Çikrak	ENM:BEZ
Çil	Çil	ENM:PER:LST:NIX
Çildavul	Çildavul	ENM:PER:LST:NIX
Çildavuls	Çildavul	ENM:BEZ
Çildir	Çildir	ENM:PER:LST:NIX
Çildirs	Çildir	ENM:BEZ
Çilek	Çilek	ENM:PER:LST:NIX
Çileks	Çilek	ENM:BEZ
Çilekçi	Çilekçi	ENM:PER:LST:NIX
Çileli	Çileli	ENM:PER:LST:NIX
Çilenkoğlu	Çilenkoğlu	ENM:PER:LST:NIX
Çilesiz	Çilesiz	ENM:PER:LST:NIX
Çilgin	Çilgin	ENM:PER:LST:NIX
Çilgins	Çilgin	ENM:BEZ
Çilingir	Çilingir	ENM:PER:LST:NIX
Çilingirs	Çilingir	ENM:BEZ
Çilli	Çilli	ENM:PER:LST:NIX
Çiloğlan	Çiloğlan	ENM:PER:LST:NIX
Çiloğlans	Çiloğlan	ENM:BEZ
Çiloğlu	Çiloğlu	ENM:PER:LST:NIX
Çils	Çil	ENM:BEZ
Çilsal	Çilsal	ENM:PER:LST:NIX
Çilsals	Çilsal	ENM:BEZ
Çilği	Çilği	ENM:PER:LST:NIX
Çim	Çim	ENM:PER:LST:NIX
Çimendere	Çimendere	ENM:PER:LST:NIX
Çimenderes	Çimendere	ENM:BEZ
Çimenoğlu	Çimenoğlu	ENM:PER:LST:NIX
Çimens	Çimen	ENM:BEZ
Çims	Çim	ENM:BEZ
Çimsit	Çimsit	ENM:PER:LST:NIX
Çimsits	Çimsit	ENM:BEZ
Çimtay	Çimtay	ENM:PER:LST:NIX
Çimtays	Çimtay	ENM:BEZ
Çin	Çin	ENM:PER:LST:NIX
Çinar	Çinar	ENM:PER:LST:NIX
Çinars	Çinar	ENM:BEZ
Çingil	Çingil	ENM:PER:LST:NIX
Çingils	Çingil	ENM:BEZ
Çingir	Çingir	ENM:PER:LST:NIX
Çingirs	Çingir	ENM:BEZ
Çini	Çini	ENM:PER:LST:NIX
Çinibulaks	Çinibulak	ENM:BEZ
Çinici	Çinici	ENM:PER:LST:NIX
Çinkaya	Çinkaya	ENM:PER:LST:NIX
Çins	Çin	ENM:BEZ
Çintan	Çintan	ENM:PER:LST:NIX
Çintans	Çintan	ENM:BEZ
Çipil	Çipil	ENM:PER:LST:NIX
Çipils	Çipil	ENM:BEZ
Çiplak	Çiplak	ENM:PER:LST:NIX
Çiplaks	Çiplak	ENM:BEZ
Çira	Çira	ENM:PER:LST:NIX
Çirak	Çirak	ENM:PER:LST:NIX
Çirakci	Çirakci	ENM:PER:LST:NIX
Çiraks	Çirak	ENM:BEZ
Çiray	Çiray	ENM:PER:LST:NIX
Çirays	Çiray	ENM:BEZ
Çirci	Çirci	ENM:PER:LST:NIX
Çirpan	Çirpan	ENM:PER:LST:NIX
Çirpans	Çirpan	ENM:BEZ
Çitak	Çitak	ENM:PER:LST:NIX
Çitaks	Çitak	ENM:BEZ
Çitaku	Çitaku	ENM:PER:LST:NIX
Çitanak	Çitanak	ENM:PER:LST:NIX
Çitanaks	Çitanak	ENM:BEZ
Çitgez	Çitgez	ENM:PER:LST:NIX
Çitik	Çitik	ENM:PER:LST:NIX
Çitiks	Çitik	ENM:BEZ
Çitil	Çitil	ENM:PER:LST:NIX
Çitils	Çitil	ENM:BEZ
Çitirikkaya	Çitirikkaya	ENM:PER:LST:NIX
Çitirki	Çitirki	ENM:PER:LST:NIX
Çivaş	Çivaş	ENM:PER:LST:NIX
Çivaşs	Çivaş	ENM:BEZ
Çivi	Çivi	ENM:PER:LST:NIX
Çiçekli	Çiçekli	ENM:PER:LST:NIX
Çiçeks	Çiçek	ENM:BEZ
Çiçekçi	Çiçekçi	ENM:PER:LST:NIX
Çiğ	Çiğ	ENM:PER:LST:NIX
Çiğdemli	Çiğdemli	ENM:PER:LST:NIX
Çiğil	Çiğil	ENM:PER:LST:NIX
Çiğils	Çiğil	ENM:BEZ
Çiğirci	Çiğirci	ENM:PER:LST:NIX
Çiğs	Çiğ	ENM:BEZ
Çişme	Çişme	ENM:PER:LST:NIX
Çişmes	Çişme	ENM:BEZ
Çobanci	Çobanci	ENM:PER:LST:NIX
Çobangil	Çobangil	ENM:PER:LST:NIX
Çobangils	Çobangil	ENM:BEZ
Çobanlar	Çobanlar	ENM:PER:LST:NIX
Çobanlars	Çobanlar	ENM:BEZ
Çobanoğlu	Çobanoğlu	ENM:PER:LST:NIX
Çobans	Çoban	ENM:BEZ
Çoga	Çoga	ENM:PER:LST:NIX
Çogan	Çogan	ENM:PER:LST:NIX
Çogans	Çogan	ENM:BEZ
Çoker	Çoker	ENM:PER:LST:NIX
Çokers	Çoker	ENM:BEZ
Çokgüler	Çokgüler	ENM:PER:LST:NIX
Çokgülers	Çokgüler	ENM:BEZ
Çoklar	Çoklar	ENM:PER:LST:NIX
Çoklars	Çoklar	ENM:BEZ
Çokluk	Çokluk	ENM:PER:LST:NIX
Çokluks	Çokluk	ENM:BEZ
Çoks	Çok	ENM:BEZ
Çolaker	Çolaker	ENM:PER:LST:NIX
Çolakers	Çolaker	ENM:BEZ
Çolakkadioğlu	Çolakkadioğlu	ENM:PER:LST:NIX
Çolakoğlu	Çolakoğlu	ENM:PER:LST:NIX
Çolaks	Çolak	ENM:BEZ
Çolgeçen	Çolgeçen	ENM:PER:LST:NIX
Çolgeçens	Çolgeçen	ENM:BEZ
Çomak	Çomak	ENM:PER:LST:NIX
Çomaks	Çomak	ENM:BEZ
Çona	Çona	ENM:PER:LST:NIX
Çonkur	Çonkur	ENM:PER:LST:NIX
Çonkurs	Çonkur	ENM:BEZ
Çoprak	Çoprak	ENM:PER:LST:NIX
Çopraks	Çoprak	ENM:BEZ
Çopur	Çopur	ENM:PER:LST:NIX
Çopurs	Çopur	ENM:BEZ
Çoruk	Çoruk	ENM:PER:LST:NIX
Çoruks	Çoruk	ENM:BEZ
Çorums	Çorum	ENM:BEZ
Çoskan	Çoskan	ENM:PER:LST:NIX
Çoskans	Çoskan	ENM:BEZ
Çoskun	Çoskun	ENM:PER:LST:NIX
Çoskuns	Çoskun	ENM:BEZ
Çosut	Çosut	ENM:PER:LST:NIX
Çosuts	Çosut	ENM:BEZ
Çot	Çot	ENM:PER:LST:NIX
Çots	Çot	ENM:BEZ
Çoşar	Çoşar	ENM:PER:LST:NIX
Çoşars	Çoşar	ENM:BEZ
Çoşgun	Çoşgun	ENM:PER:LST:NIX
Çoşguns	Çoşgun	ENM:BEZ
Çoşkun	Çoşkun	ENM:PER:LST:NIX
Çoşkuns	Çoşkun	ENM:BEZ
Çubuk	Çubuk	ENM:PER:LST:NIX
Çubuks	Çubuk	ENM:BEZ
Çubukçu	Çubukçu	ENM:PER:LST:NIX
Çuha	Çuha	ENM:PER:LST:NIX
Çuhadar	Çuhadar	ENM:PER:LST:NIX
Çuhadars	Çuhadar	ENM:BEZ
Çukur	Çukur	ENM:PER:LST:NIX
Çukurs	Çukur	ENM:BEZ
Çuldur	Çuldur	ENM:PER:LST:NIX
Çuldurs	Çuldur	ENM:BEZ
Çulduz	Çulduz	ENM:PER:LST:NIX
Çulfaz	Çulfaz	ENM:PER:LST:NIX
Çulha	Çulha	ENM:PER:LST:NIX
Çulhaci	Çulhaci	ENM:PER:LST:NIX
Çullu	Çullu	ENM:PER:LST:NIX
Çumkur	Çumkur	ENM:PER:LST:NIX
Çumkurs	Çumkur	ENM:BEZ
Çumru	Çumru	ENM:PER:LST:NIX
Çupur	Çupur	ENM:PER:LST:NIX
Çupurs	Çupur	ENM:BEZ
Çuruk	Çuruk	ENM:PER:LST:NIX
Çuruks	Çuruk	ENM:BEZ
Çuğuns	Çuğun	ENM:BEZ
Çögürcü	Çögürcü	ENM:PER:LST:NIX
Çögürcüs	Çögürcü	ENM:BEZ
Çöklüs	Çöklü	ENM:BEZ
Çöl	Çöl	ENM:PER:LST:NIX
Çölgeçen	Çölgeçen	ENM:PER:LST:NIX
Çölgeçens	Çölgeçen	ENM:BEZ
Çölkesen	Çölkesen	ENM:PER:LST:NIX
Çölkesens	Çölkesen	ENM:BEZ
Çölkusu	Çölkusu	ENM:PER:LST:NIX
Çölkuşu	Çölkuşu	ENM:PER:LST:NIX
Çöls	Çöl	ENM:BEZ
Çömlek	Çömlek	ENM:PER:LST:NIX
Çömlekci	Çömlekci	ENM:PER:LST:NIX
Çömleks	Çömlek	ENM:BEZ
Çömlekçi	Çömlekçi	ENM:PER:LST:NIX
Çöplü	Çöplü	ENM:PER:LST:NIX
Çöplüs	Çöplü	ENM:BEZ
Çöpoglu	Çöpoglu	ENM:PER:LST:NIX
Çöpoğlu	Çöpoğlu	ENM:PER:LST:NIX
Çöpür	Çöpür	ENM:PER:LST:NIX
Çöpürs	Çöpür	ENM:BEZ
Çördük	Çördük	ENM:PER:LST:NIX
Çördüks	Çördük	ENM:BEZ
Çörekçi	Çörekçi	ENM:PER:LST:NIX
Çörtük	Çörtük	ENM:PER:LST:NIX
Çörtüks	Çörtük	ENM:BEZ
Çöğürcü	Çöğürcü	ENM:PER:LST:NIX
Çöğürcüs	Çöğürcü	ENM:BEZ
Çürük	Çürük	ENM:PER:LST:NIX
Çürüks	Çürük	ENM:BEZ
Çınar	Çınar	ENM:PER:LST:NIX
Çınars	Çınar	ENM:BEZ
Étiennes	Étienne	ENM:BEZ
Ômri	Ômri	ENM:PER:LST:NIX
Ôrfi	Ôrfi	ENM:PER:LST:NIX
Öcalans	Öcalan	ENM:BEZ
Öcals	Öcal	ENM:BEZ
Öcek	Öcek	ENM:PER:LST:NIX
Öceks	Öcek	ENM:BEZ
Öcel	Öcel	ENM:PER:LST:NIX
Öcels	Öcel	ENM:BEZ
Öcmen	Öcmen	ENM:PER:LST:NIX
Öcmens	Öcmen	ENM:BEZ
Ödek	Ödek	ENM:PER:LST:NIX
Ödeks	Ödek	ENM:BEZ
Ödemis	Ödemis	ENM:PER:LST:NIX
Ödemiş	Ödemiş	ENM:PER:LST:NIX
Ödemişs	Ödemiş	ENM:BEZ
Öders	Öder	ENM:BEZ
Ödevci	Ödevci	ENM:PER:LST:NIX
Öfners	Öfner	ENM:BEZ
Öges	Öge	ENM:BEZ
Ögretici	Ögretici	ENM:PER:LST:NIX
Ögretmen	Ögretmen	ENM:PER:LST:NIX
Ögretmens	Ögretmen	ENM:BEZ
Ögütcü	Ögütcü	ENM:PER:LST:NIX
Ögütcüoglu	Ögütcüoglu	ENM:PER:LST:NIX
Ögütcüs	Ögütcü	ENM:BEZ
Ögütlüoglu	Ögütlüoglu	ENM:PER:LST:NIX
Öhlmann	Öhlmann	ENM:PER:LST:NIX
Öhlmanns	Öhlmann	ENM:BEZ
Öhlschläger	Öhlschläger	ENM:PER:LST:NIX
Öhlschlägers	Öhlschläger	ENM:BEZ
Ökmen	Ökmen	ENM:PER:LST:NIX
Ökmens	Ökmen	ENM:BEZ
Öksüz	Öksüz	ENM:PER:LST:NIX
Öksüzkaya	Öksüzkaya	ENM:PER:LST:NIX
Öksüztepe	Öksüztepe	ENM:PER:LST:NIX
Öksüztepes	Öksüztepe	ENM:BEZ
Öktem	Öktem	ENM:PER:LST:NIX
Öktems	Öktem	ENM:BEZ
Öktener	Öktener	ENM:PER:LST:NIX
Ökteners	Öktener	ENM:BEZ
Ölcücü	Ölcücü	ENM:PER:LST:NIX
Ölcücüs	Ölcücü	ENM:BEZ
Ölekli	Ölekli	ENM:PER:LST:NIX
Ölgün	Ölgün	ENM:PER:LST:NIX
Ölgüns	Ölgün	ENM:BEZ
Öllers	Öllers	ENM:PER:LST:NIX
Ölçers	Ölçer	ENM:BEZ
Ömerköylü	Ömerköylü	ENM:PER:LST:NIX
Ömerköylüs	Ömerköylü	ENM:BEZ
Ömeroğlu	Ömeroğlu	ENM:PER:LST:NIX
Ömers	Ömer	ENM:BEZ
Ön	Ön	ENM:PER:LST:NIX
Önalan	Önalan	ENM:PER:LST:NIX
Önalans	Önalan	ENM:BEZ
Önaldi	Önaldi	ENM:PER:LST:NIX
Önals	Önal	ENM:BEZ
Önasya	Önasya	ENM:PER:LST:NIX
Önay	Önay	ENM:PER:LST:NIX
Önays	Önay	ENM:BEZ
Önbas	Önbas	ENM:PER:LST:NIX
Önce	Önce	ENM:PER:LST:NIX
Öncel	Öncel	ENM:PER:LST:NIX
Öncels	Öncel	ENM:BEZ
Önces	Önce	ENM:BEZ
Öncü	Öncü	ENM:PER:LST:NIX
Öncül	Öncül	ENM:PER:LST:NIX
Öncüls	Öncül	ENM:BEZ
Öncüs	Öncü	ENM:BEZ
Öndel	Öndel	ENM:PER:LST:NIX
Öndels	Öndel	ENM:BEZ
Öndemir	Öndemir	ENM:PER:LST:NIX
Öndemirs	Öndemir	ENM:BEZ
Önel	Önel	ENM:PER:LST:NIX
Önels	Önel	ENM:BEZ
Önemli	Önemli	ENM:PER:LST:NIX
Önen	Önen	ENM:PER:LST:NIX
Önens	Önen	ENM:BEZ
Öners	Öner	ENM:BEZ
Öney	Öney	ENM:PER:LST:NIX
Öneys	Öney	ENM:BEZ
Öngörü	Öngörü	ENM:PER:LST:NIX
Öngörüs	Öngörü	ENM:BEZ
Öngül	Öngül	ENM:PER:LST:NIX
Öngüls	Öngül	ENM:BEZ
Önlü	Önlü	ENM:PER:LST:NIX
Önlüs	Önlü	ENM:BEZ
Önol	Önol	ENM:PER:LST:NIX
Önols	Önol	ENM:BEZ
Öns	Ön	ENM:BEZ
Önsal	Önsal	ENM:PER:LST:NIX
Önsals	Önsal	ENM:BEZ
Önsöz	Önsöz	ENM:PER:LST:NIX
Öntas	Öntas	ENM:PER:LST:NIX
Öpöz	Öpöz	ENM:PER:LST:NIX
Ördek	Ördek	ENM:PER:LST:NIX
Ördeks	Ördek	ENM:BEZ
Örek	Örek	ENM:PER:LST:NIX
Öreks	Örek	ENM:BEZ
Örens	Ören	ENM:BEZ
Örge	Örge	ENM:PER:LST:NIX
Örges	Örge	ENM:BEZ
Örgülü	Örgülü	ENM:PER:LST:NIX
Örgülüs	Örgülü	ENM:BEZ
Örgüs	Örgü	ENM:BEZ
Örks	Örk	ENM:BEZ
Örneks	Örnek	ENM:BEZ
Örs	Örs	ENM:PER:LST:NIX
Örskiran	Örskiran	ENM:PER:LST:NIX
Örskirans	Örskiran	ENM:BEZ
Örsçek	Örsçek	ENM:PER:LST:NIX
Örsçeks	Örsçek	ENM:BEZ
Örtlek	Örtlek	ENM:PER:LST:NIX
Örtleks	Örtlek	ENM:BEZ
Örys	Öry	ENM:BEZ
Örücüs	Örücü	ENM:BEZ
Örüm	Örüm	ENM:PER:LST:NIX
Örüms	Örüm	ENM:BEZ
Örün	Örün	ENM:PER:LST:NIX
Örüns	Örün	ENM:BEZ
Öskan	Öskan	ENM:PER:LST:NIX
Öskans	Öskan	ENM:BEZ
Ösna	Ösna	ENM:PER:LST:NIX
Öter	Öter	ENM:PER:LST:NIX
Öters	Öter	ENM:BEZ
Ötgün	Ötgün	ENM:PER:LST:NIX
Ötgüns	Ötgün	ENM:BEZ
Özad	Özad	ENM:PER:LST:NIX
Özads	Özad	ENM:BEZ
Özalpdemir	Özalpdemir	ENM:PER:LST:NIX
Özalpdemirs	Özalpdemir	ENM:BEZ
Özalps	Özalp	ENM:BEZ
Özaltun	Özaltun	ENM:PER:LST:NIX
Özaltuns	Özaltun	ENM:BEZ
Özan	Özan	ENM:PER:LST:NIX
Özans	Özan	ENM:BEZ
Özarda	Özarda	ENM:PER:LST:NIX
Özari	Özari	ENM:PER:LST:NIX
Özarslans	Özarslan	ENM:BEZ
Özaslan	Özaslan	ENM:PER:LST:NIX
Özaslans	Özaslan	ENM:BEZ
Özata	Özata	ENM:PER:LST:NIX
Özavci	Özavci	ENM:PER:LST:NIX
Özay	Özay	ENM:PER:LST:NIX
Özaybar	Özaybar	ENM:PER:LST:NIX
Özaybars	Özaybar	ENM:BEZ
Özaydin	Özaydin	ENM:PER:LST:NIX
Özaydins	Özaydin	ENM:BEZ
Özaynaci	Özaynaci	ENM:PER:LST:NIX
Özays	Özay	ENM:BEZ
Özbag	Özbag	ENM:PER:LST:NIX
Özbags	Özbag	ENM:BEZ
Özbakan	Özbakan	ENM:PER:LST:NIX
Özbakans	Özbakan	ENM:BEZ
Özbakir	Özbakir	ENM:PER:LST:NIX
Özbakirs	Özbakir	ENM:BEZ
Özbaran	Özbaran	ENM:PER:LST:NIX
Özbarans	Özbaran	ENM:BEZ
Özbas	Özbas	ENM:PER:LST:NIX
Özbasi	Özbasi	ENM:PER:LST:NIX
Özbay	Özbay	ENM:PER:LST:NIX
Özbayir	Özbayir	ENM:PER:LST:NIX
Özbayirs	Özbayir	ENM:BEZ
Özbayrak	Özbayrak	ENM:PER:LST:NIX
Özbayraks	Özbayrak	ENM:BEZ
Özbayrakçi	Özbayrakçi	ENM:PER:LST:NIX
Özbays	Özbay	ENM:BEZ
Özbaş	Özbaş	ENM:PER:LST:NIX
Özbaşaran	Özbaşaran	ENM:PER:LST:NIX
Özbaşarans	Özbaşaran	ENM:BEZ
Özbaşi	Özbaşi	ENM:PER:LST:NIX
Özbaşs	Özbaş	ENM:BEZ
Özbaǵci	Özbaǵci	ENM:PER:LST:NIX
Özbekar	Özbekar	ENM:PER:LST:NIX
Özbekars	Özbekar	ENM:BEZ
Özbekler	Özbekler	ENM:PER:LST:NIX
Özbeklers	Özbekler	ENM:BEZ
Özbeks	Özbek	ENM:BEZ
Özben	Özben	ENM:PER:LST:NIX
Özbens	Özben	ENM:BEZ
Özbey	Özbey	ENM:PER:LST:NIX
Özbeys	Özbey	ENM:BEZ
Özbilen	Özbilen	ENM:PER:LST:NIX
Özbilens	Özbilen	ENM:BEZ
Özbilgiç	Özbilgiç	ENM:PER:LST:NIX
Özbilgiçs	Özbilgiç	ENM:BEZ
Özbiçer	Özbiçer	ENM:PER:LST:NIX
Özbiçers	Özbiçer	ENM:BEZ
Özbozkurt	Özbozkurt	ENM:PER:LST:NIX
Özbozkurts	Özbozkurt	ENM:BEZ
Özbudak	Özbudak	ENM:PER:LST:NIX
Özbudaks	Özbudak	ENM:BEZ
Özbunar	Özbunar	ENM:PER:LST:NIX
Özbunars	Özbunar	ENM:BEZ
Özburuns	Özburun	ENM:BEZ
Özcamuzcu	Özcamuzcu	ENM:PER:LST:NIX
Özcanli	Özcanli	ENM:PER:LST:NIX
Özceliks	Özcelik	ENM:BEZ
Özceylanoglu	Özceylanoglu	ENM:PER:LST:NIX
Özdal	Özdal	ENM:PER:LST:NIX
Özdals	Özdal	ENM:BEZ
Özdamar	Özdamar	ENM:PER:LST:NIX
Özdamars	Özdamar	ENM:BEZ
Özdaş	Özdaş	ENM:PER:LST:NIX
Özdaşs	Özdaş	ENM:BEZ
Özdem	Özdem	ENM:PER:LST:NIX
Özdemirci	Özdemirci	ENM:PER:LST:NIX
Özdems	Özdem	ENM:BEZ
Özdens	Özden	ENM:BEZ
Özderes	Özdere	ENM:BEZ
Özdeş	Özdeş	ENM:PER:LST:NIX
Özdeşs	Özdeş	ENM:BEZ
Özdilek	Özdilek	ENM:PER:LST:NIX
Özdileks	Özdilek	ENM:BEZ
Özdin	Özdin	ENM:PER:LST:NIX
Özdins	Özdin	ENM:BEZ
Özdogan	Özdogan	ENM:PER:LST:NIX
Özdogans	Özdogan	ENM:BEZ
Özdolap	Özdolap	ENM:PER:LST:NIX
Özdolaps	Özdolap	ENM:BEZ
Özdoğan	Özdoğan	ENM:PER:LST:NIX
Özdoğans	Özdoğan	ENM:BEZ
Özdoğru	Özdoğru	ENM:PER:LST:NIX
Özdumlupinar	Özdumlupinar	ENM:PER:LST:NIX
Özdumlupinars	Özdumlupinar	ENM:BEZ
Özduran	Özduran	ENM:PER:LST:NIX
Özdurans	Özduran	ENM:BEZ
Özdönmez	Özdönmez	ENM:PER:LST:NIX
Özdöşemeci	Özdöşemeci	ENM:PER:LST:NIX
Özefe	Özefe	ENM:PER:LST:NIX
Özefes	Özefe	ENM:BEZ
Özekici	Özekici	ENM:PER:LST:NIX
Özektaş	Özektaş	ENM:PER:LST:NIX
Özektaşs	Özektaş	ENM:BEZ
Özens	Özen	ENM:BEZ
Özenç	Özenç	ENM:PER:LST:NIX
Özençs	Özenç	ENM:BEZ
Özerdoğan	Özerdoğan	ENM:PER:LST:NIX
Özerdoğans	Özerdoğan	ENM:BEZ
Özeren	Özeren	ENM:PER:LST:NIX
Özerens	Özeren	ENM:BEZ
Özerin	Özerin	ENM:PER:LST:NIX
Özerins	Özerin	ENM:BEZ
Özermis	Özermis	ENM:PER:LST:NIX
Özermiş	Özermiş	ENM:PER:LST:NIX
Özermişs	Özermiş	ENM:BEZ
Özers	Özer	ENM:BEZ
Özev	Özev	ENM:PER:LST:NIX
Özevs	Özev	ENM:BEZ
Özeç	Özeç	ENM:PER:LST:NIX
Özeçs	Özeç	ENM:BEZ
Özgan	Özgan	ENM:PER:LST:NIX
Özgans	Özgan	ENM:BEZ
Özgens	Özgen	ENM:BEZ
Özgenç	Özgenç	ENM:PER:LST:NIX
Özgençs	Özgenç	ENM:BEZ
Özger	Özger	ENM:PER:LST:NIX
Özgers	Özger	ENM:BEZ
Özges	Özge	ENM:BEZ
Özgök	Özgök	ENM:PER:LST:NIX
Özgöks	Özgök	ENM:BEZ
Özgör	Özgör	ENM:PER:LST:NIX
Özgören	Özgören	ENM:PER:LST:NIX
Özgörens	Özgören	ENM:BEZ
Özgörs	Özgör	ENM:BEZ
Özgü	Özgü	ENM:PER:LST:NIX
Özgülüs	Özgülüs	ENM:PER:LST:NIX
Özgün	Özgün	ENM:PER:LST:NIX
Özgündüz	Özgündüz	ENM:PER:LST:NIX
Özgüner	Özgüner	ENM:PER:LST:NIX
Özgüners	Özgüner	ENM:BEZ
Özgüneş	Özgüneş	ENM:PER:LST:NIX
Özgüneşs	Özgüneş	ENM:BEZ
Özgüns	Özgün	ENM:BEZ
Özgürel	Özgürel	ENM:PER:LST:NIX
Özgürels	Özgürel	ENM:BEZ
Özgürler	Özgürler	ENM:PER:LST:NIX
Özgürlers	Özgürler	ENM:BEZ
Özgüs	Özgü	ENM:BEZ
Özgüven	Özgüven	ENM:PER:LST:NIX
Özgüvens	Özgüven	ENM:BEZ
Özgüzel	Özgüzel	ENM:PER:LST:NIX
Özgüzels	Özgüzel	ENM:BEZ
Özgüç	Özgüç	ENM:PER:LST:NIX
Özgüçs	Özgüç	ENM:BEZ
Özils	Özil	ENM:BEZ
Özin	Özin	ENM:PER:LST:NIX
Özins	Özin	ENM:BEZ
Özisik	Özisik	ENM:PER:LST:NIX
Özisiks	Özisik	ENM:BEZ
Özişik	Özişik	ENM:PER:LST:NIX
Özişiks	Özişik	ENM:BEZ
Özkal	Özkal	ENM:PER:LST:NIX
Özkalp	Özkalp	ENM:PER:LST:NIX
Özkalps	Özkalp	ENM:BEZ
Özkals	Özkal	ENM:BEZ
Özkaraaslan	Özkaraaslan	ENM:PER:LST:NIX
Özkaraaslans	Özkaraaslan	ENM:BEZ
Özkaraca	Özkaraca	ENM:PER:LST:NIX
Özkarakoyunlu	Özkarakoyunlu	ENM:PER:LST:NIX
Özkarakoç	Özkarakoç	ENM:PER:LST:NIX
Özkarakoçs	Özkarakoç	ENM:BEZ
Özkaraman	Özkaraman	ENM:PER:LST:NIX
Özkaramans	Özkaraman	ENM:BEZ
Özkardeş	Özkardeş	ENM:PER:LST:NIX
Özkardeşs	Özkardeş	ENM:BEZ
Özkavlak	Özkavlak	ENM:PER:LST:NIX
Özkavlaks	Özkavlak	ENM:BEZ
Özkay	Özkay	ENM:PER:LST:NIX
Özkaya	Özkaya	ENM:PER:LST:NIX
Özkaynak	Özkaynak	ENM:PER:LST:NIX
Özkaynaks	Özkaynak	ENM:BEZ
Özkaynar	Özkaynar	ENM:PER:LST:NIX
Özkaynars	Özkaynar	ENM:BEZ
Özkays	Özkay	ENM:BEZ
Özkeles	Özkeles	ENM:PER:LST:NIX
Özkent	Özkent	ENM:PER:LST:NIX
Özkents	Özkent	ENM:BEZ
Özkilic	Özkilic	ENM:PER:LST:NIX
Özkilics	Özkilic	ENM:BEZ
Özkilit	Özkilit	ENM:PER:LST:NIX
Özkilits	Özkilit	ENM:BEZ
Özkiliç	Özkiliç	ENM:PER:LST:NIX
Özkiliçs	Özkiliç	ENM:BEZ
Özkoç	Özkoç	ENM:PER:LST:NIX
Özkoçs	Özkoç	ENM:BEZ
Özkul	Özkul	ENM:PER:LST:NIX
Özkulluk	Özkulluk	ENM:PER:LST:NIX
Özkulluks	Özkulluk	ENM:BEZ
Özkuls	Özkul	ENM:BEZ
Özkurt	Özkurt	ENM:PER:LST:NIX
Özkurts	Özkurt	ENM:BEZ
Özkuzugüdenli	Özkuzugüdenli	ENM:PER:LST:NIX
Özköks	Özkök	ENM:BEZ
Özköse	Özköse	ENM:PER:LST:NIX
Özköses	Özköse	ENM:BEZ
Özkül	Özkül	ENM:PER:LST:NIX
Özküls	Özkül	ENM:BEZ
Özlems	Özlem	ENM:BEZ
Özlers	Özler	ENM:BEZ
Özlü	Özlü	ENM:PER:LST:NIX
Özlük	Özlük	ENM:PER:LST:NIX
Özlüks	Özlük	ENM:BEZ
Özlüs	Özlü	ENM:BEZ
Özman	Özman	ENM:PER:LST:NIX
Özmans	Özman	ENM:BEZ
Özmarangoz	Özmarangoz	ENM:PER:LST:NIX
Özmens	Özmen	ENM:BEZ
Özmiş	Özmiş	ENM:PER:LST:NIX
Özmişs	Özmiş	ENM:BEZ
Özmuk	Özmuk	ENM:PER:LST:NIX
Özmuks	Özmuk	ENM:BEZ
Öznavruz	Öznavruz	ENM:PER:LST:NIX
Özokcu	Özokcu	ENM:PER:LST:NIX
Özoğlu	Özoğlu	ENM:PER:LST:NIX
Özoğul	Özoğul	ENM:PER:LST:NIX
Özoğuls	Özoğul	ENM:BEZ
Özpamuks	Özpamuk	ENM:BEZ
Özpay	Özpay	ENM:PER:LST:NIX
Özpays	Özpay	ENM:BEZ
Özpinar	Özpinar	ENM:PER:LST:NIX
Özpinars	Özpinar	ENM:BEZ
Özpolat	Özpolat	ENM:PER:LST:NIX
Özpolats	Özpolat	ENM:BEZ
Özsaran	Özsaran	ENM:PER:LST:NIX
Özsarans	Özsaran	ENM:BEZ
Özselçuk	Özselçuk	ENM:PER:LST:NIX
Özselçuks	Özselçuk	ENM:BEZ
Özsercan	Özsercan	ENM:PER:LST:NIX
Özsercans	Özsercan	ENM:BEZ
Özsert	Özsert	ENM:PER:LST:NIX
Özserts	Özsert	ENM:BEZ
Özserçe	Özserçe	ENM:PER:LST:NIX
Özserçes	Özserçe	ENM:BEZ
Özsevgeç	Özsevgeç	ENM:PER:LST:NIX
Özsevgeçs	Özsevgeç	ENM:BEZ
Özseydar	Özseydar	ENM:PER:LST:NIX
Özseydars	Özseydar	ENM:BEZ
Özsin	Özsin	ENM:PER:LST:NIX
Özsins	Özsin	ENM:BEZ
Özsoys	Özsoy	ENM:BEZ
Özsu	Özsu	ENM:PER:LST:NIX
Özsönmez	Özsönmez	ENM:PER:LST:NIX
Özsüren	Özsüren	ENM:PER:LST:NIX
Özsürens	Özsüren	ENM:BEZ
Özsüt	Özsüt	ENM:PER:LST:NIX
Özsüts	Özsüt	ENM:BEZ
Öztanriverdi	Öztanriverdi	ENM:PER:LST:NIX
Öztans	Öztan	ENM:BEZ
Öztas	Öztas	ENM:PER:LST:NIX
Öztaskin	Öztaskin	ENM:PER:LST:NIX
Öztaskins	Öztaskin	ENM:BEZ
Öztaş	Öztaş	ENM:PER:LST:NIX
Öztaşdönderen	Öztaşdönderen	ENM:PER:LST:NIX
Öztaşdönderens	Öztaşdönderen	ENM:BEZ
Öztaşs	Öztaş	ENM:BEZ
Özteke	Özteke	ENM:PER:LST:NIX
Öztekes	Özteke	ENM:BEZ
Öztekins	Öztekin	ENM:BEZ
Öztemel	Öztemel	ENM:PER:LST:NIX
Öztemels	Öztemel	ENM:BEZ
Öztemir	Öztemir	ENM:PER:LST:NIX
Öztemirs	Öztemir	ENM:BEZ
Özten	Özten	ENM:PER:LST:NIX
Öztens	Özten	ENM:BEZ
Öztep	Öztep	ENM:PER:LST:NIX
Özteps	Öztep	ENM:BEZ
Öztezgel	Öztezgel	ENM:PER:LST:NIX
Öztezgels	Öztezgel	ENM:BEZ
Öztopraks	Öztoprak	ENM:BEZ
Öztorun	Öztorun	ENM:PER:LST:NIX
Öztoruns	Öztorun	ENM:BEZ
Öztunç	Öztunç	ENM:PER:LST:NIX
Öztunçs	Öztunç	ENM:BEZ
Özturan	Özturan	ENM:PER:LST:NIX
Özturans	Özturan	ENM:BEZ
Özturks	Özturk	ENM:BEZ
Öztürkoğlu	Öztürkoğlu	ENM:PER:LST:NIX
Özulusseven	Özulusseven	ENM:PER:LST:NIX
Özulussevens	Özulusseven	ENM:BEZ
Özunan	Özunan	ENM:PER:LST:NIX
Özunans	Özunan	ENM:BEZ
Özuylasi	Özuylasi	ENM:PER:LST:NIX
Özveren	Özveren	ENM:PER:LST:NIX
Özverens	Özveren	ENM:BEZ
Özvezneci	Özvezneci	ENM:PER:LST:NIX
Özyakups	Özyakup	ENM:BEZ
Özyaprak	Özyaprak	ENM:PER:LST:NIX
Özyapraks	Özyaprak	ENM:BEZ
Özyars	Özyar	ENM:BEZ
Özyer	Özyer	ENM:PER:LST:NIX
Özyers	Özyer	ENM:BEZ
Özyildiz	Özyildiz	ENM:PER:LST:NIX
Özyilmaz	Özyilmaz	ENM:PER:LST:NIX
Özyiğit	Özyiğit	ENM:PER:LST:NIX
Özyiğits	Özyiğit	ENM:BEZ
Özyurts	Özyurt	ENM:BEZ
Özyön	Özyön	ENM:PER:LST:NIX
Özyöns	Özyön	ENM:BEZ
Özyüreks	Özyürek	ENM:BEZ
Özçakmak	Özçakmak	ENM:PER:LST:NIX
Özçakmaks	Özçakmak	ENM:BEZ
Özçanel	Özçanel	ENM:PER:LST:NIX
Özçanels	Özçanel	ENM:BEZ
Özçatı	Özçatı	ENM:PER:LST:NIX
Özçatıs	Özçatı	ENM:BEZ
Özçay	Özçay	ENM:PER:LST:NIX
Özçays	Özçay	ENM:BEZ
Özçelebi	Özçelebi	ENM:PER:LST:NIX
Özçeliks	Özçelik	ENM:BEZ
Özçetin	Özçetin	ENM:PER:LST:NIX
Özçetins	Özçetin	ENM:BEZ
Özçifci	Özçifci	ENM:PER:LST:NIX
Özçiftci	Özçiftci	ENM:PER:LST:NIX
Özçinar	Özçinar	ENM:PER:LST:NIX
Özçinars	Özçinar	ENM:BEZ
Özçörekçi	Özçörekçi	ENM:PER:LST:NIX
Özüberk	Özüberk	ENM:PER:LST:NIX
Özüberks	Özüberk	ENM:BEZ
Özüdoğru	Özüdoğru	ENM:PER:LST:NIX
Özüduru	Özüduru	ENM:PER:LST:NIX
Özüdürü	Özüdürü	ENM:PER:LST:NIX
Özüdürüs	Özüdürü	ENM:BEZ
Özüm	Özüm	ENM:PER:LST:NIX
Özüms	Özüm	ENM:BEZ
Özün	Özün	ENM:PER:LST:NIX
Özünal	Özünal	ENM:PER:LST:NIX
Özünals	Özünal	ENM:BEZ
Özüns	Özün	ENM:BEZ
Özşahin	Özşahin	ENM:PER:LST:NIX
Özşahins	Özşahin	ENM:BEZ
Özşen	Özşen	ENM:PER:LST:NIX
Özşens	Özşen	ENM:BEZ
Özşin	Özşin	ENM:PER:LST:NIX
Özşins	Özşin	ENM:BEZ
Öçal	Öçal	ENM:PER:LST:NIX
Öçalans	Öçalan	ENM:BEZ
Öçals	Öçal	ENM:BEZ
Öĝeç	Öĝeç	ENM:PER:LST:NIX
Öĝeçs	Öĝeç	ENM:BEZ
Öğretici	Öğretici	ENM:PER:LST:NIX
Öğretmen	Öğretmen	ENM:PER:LST:NIX
Öğretmenoğlu	Öğretmenoğlu	ENM:PER:LST:NIX
Öğretmens	Öğretmen	ENM:BEZ
Öğüts	Öğüt	ENM:BEZ
Überla	Überla	ENM:PER:LST:NIX
Ücer	Ücer	ENM:PER:LST:NIX
Ücers	Ücer	ENM:BEZ
Ügürlü	Ügürlü	ENM:PER:LST:NIX
Ügürlüs	Ügürlü	ENM:BEZ
Ügüten	Ügüten	ENM:PER:LST:NIX
Ügütens	Ügüten	ENM:BEZ
Üldeş	Üldeş	ENM:PER:LST:NIX
Üldeşs	Üldeş	ENM:BEZ
Üles	Üles	ENM:PER:LST:NIX
Ülgens	Ülgen	ENM:BEZ
Ülgers	Ülger	ENM:BEZ
Ülgü	Ülgü	ENM:PER:LST:NIX
Ülgür	Ülgür	ENM:PER:LST:NIX
Ülgürs	Ülgür	ENM:BEZ
Ülgüs	Ülgü	ENM:BEZ
Ülgüt	Ülgüt	ENM:PER:LST:NIX
Ülgüts	Ülgüt	ENM:BEZ
Ülkened	Ülkened	ENM:PER:LST:NIX
Ülkeneds	Ülkened	ENM:BEZ
Ülkers	Ülker	ENM:BEZ
Ülkâr	Ülkâr	ENM:PER:LST:NIX
Ülkârs	Ülkâr	ENM:BEZ
Ümmetoğlu	Ümmetoğlu	ENM:PER:LST:NIX
Ümmü	Ümmü	ENM:PER:FST
Ümmügülsüm	Ümmügülsüm	ENM:PER:FST
Ümmügülsüms	Ümmügülsüm	ENM:BEZ
Ümmühan	Ümmühan	ENM:PER:FST
Ümmühans	Ümmühan	ENM:BEZ
Ümmüs	Ümmü	ENM:BEZ
Ümran	Ümran	ENM:PER:FST
Ümrans	Ümran	ENM:BEZ
Ümüt	Ümüt	ENM:PER:FST
Ümüts	Ümüt	ENM:BEZ
Ün	Ün	ENM:PER:LST:NIX
Ünalans	Ünalan	ENM:BEZ
Ünalar	Ünalar	ENM:PER:LST:NIX
Ünalars	Ünalar	ENM:BEZ
Ünaldi	Ünaldi	ENM:PER:LST:NIX
Ünalmiş	Ünalmiş	ENM:PER:LST:NIX
Ünalmişs	Ünalmiş	ENM:BEZ
Üncü	Üncü	ENM:PER:LST:NIX
Üncüs	Üncü	ENM:BEZ
Üner	Üner	ENM:PER:LST:NIX
Üners	Üner	ENM:BEZ
Üngörs	Üngör	ENM:BEZ
Üngüç	Üngüç	ENM:PER:LST:NIX
Üngüçs	Üngüç	ENM:BEZ
Ünler	Ünler	ENM:PER:LST:NIX
Ünlers	Ünler	ENM:BEZ
Ünlüer	Ünlüer	ENM:PER:LST:NIX
Ünlüers	Ünlüer	ENM:BEZ
Ünlüs	Ünlü	ENM:BEZ
Ünlüsoy	Ünlüsoy	ENM:PER:LST:NIX
Ünlüsoys	Ünlüsoy	ENM:BEZ
Ünlütürks	Ünlütürk	ENM:BEZ
Ünmek	Ünmek	ENM:PER:LST:NIX
Ünmeks	Ünmek	ENM:BEZ
Ünnü	Ünnü	ENM:PER:LST:NIX
Ünnüs	Ünnü	ENM:BEZ
Üns	Ün	ENM:BEZ
Ünsals	Ünsal	ENM:BEZ
Ünveren	Ünveren	ENM:PER:LST:NIX
Ünverens	Ünveren	ENM:BEZ
Ünvers	Ünver	ENM:BEZ
Ünüvars	Ünüvar	ENM:BEZ
Ür	Ür	ENM:PER:LST:NIX
Üre	Üre	ENM:PER:LST:NIX
Üres	Üre	ENM:BEZ
Üresin	Üresin	ENM:PER:LST:NIX
Üresins	Üresin	ENM:BEZ
Ürgenli	Ürgenli	ENM:PER:LST:NIX
Ürkan	Ürkan	ENM:PER:LST:NIX
Ürkans	Ürkan	ENM:BEZ
Ürkmez	Ürkmez	ENM:PER:LST:NIX
Ürkün	Ürkün	ENM:PER:LST:NIX
Ürküns	Ürkün	ENM:BEZ
Ürper	Ürper	ENM:PER:LST:NIX
Ürpers	Ürper	ENM:BEZ
Ürs	Ür	ENM:BEZ
Ürün	Ürün	ENM:PER:LST:NIX
Ürüns	Ürün	ENM:BEZ
Üstboğa	Üstboğa	ENM:PER:LST:NIX
Üstebay	Üstebay	ENM:PER:LST:NIX
Üstebays	Üstebay	ENM:BEZ
Üsten	Üsten	ENM:PER:LST:NIX
Üstens	Üsten	ENM:BEZ
Üstübi	Üstübi	ENM:PER:LST:NIX
Üstünbas	Üstünbas	ENM:PER:LST:NIX
Üstündag	Üstündag	ENM:PER:LST:NIX
Üstündags	Üstündag	ENM:BEZ
Üstündağ	Üstündağ	ENM:PER:LST:NIX
Üstündağs	Üstündağ	ENM:BEZ
Üstüners	Üstüner	ENM:BEZ
Üstüns	Üstün	ENM:BEZ
Üsün	Üsün	ENM:PER:LST:NIX
Üsüns	Üsün	ENM:BEZ
Ütkün	Ütkün	ENM:PER:LST:NIX
Ütküns	Ütkün	ENM:BEZ
Ütu	Ütu	ENM:PER:LST:NIX
Ütü	Ütü	ENM:PER:LST:NIX
Ütüs	Ütü	ENM:BEZ
Üyük	Üyük	ENM:PER:LST:NIX
Üyüks	Üyük	ENM:BEZ
Üzel	Üzel	ENM:PER:LST:NIX
Üzels	Üzel	ENM:BEZ
Üzer	Üzer	ENM:PER:LST:NIX
Üzers	Üzer	ENM:BEZ
Üzgü	Üzgü	ENM:PER:LST:NIX
Üzgüs	Üzgü	ENM:BEZ
Üzülmez	Üzülmez	ENM:PER:LST:NIX
Üzüm	Üzüm	ENM:PER:LST:NIX
Üzümcüs	Üzümcü	ENM:BEZ
Üzüms	Üzüm	ENM:BEZ
Üçal	Üçal	ENM:PER:LST:NIX
Üçals	Üçal	ENM:BEZ
Üçer	Üçer	ENM:PER:LST:NIX
Üçerlers	Üçerler	ENM:BEZ
Üçers	Üçer	ENM:BEZ
Üçgül	Üçgül	ENM:PER:LST:NIX
Üçgüls	Üçgül	ENM:BEZ
Üçkardeş	Üçkardeş	ENM:PER:LST:NIX
Üçkardeşs	Üçkardeş	ENM:BEZ
Üçlers	Üçler	ENM:BEZ
Üçöz	Üçöz	ENM:PER:LST:NIX
Üçüncü	Üçüncü	ENM:PER:LST:NIX
Üçüncüs	Üçüncü	ENM:BEZ
Üşenmez	Üşenmez	ENM:PER:LST:NIX
Ćatić	Ćatić	ENM:PER:LST:NIX
Ćatićs	Ćatić	ENM:BEZ
Ćato	Ćato	ENM:PER:LST:NIX
Ćatović	Ćatović	ENM:PER:LST:NIX
Ćatovićs	Ćatović	ENM:BEZ
Ćebić	Ćebić	ENM:PER:LST:NIX
Ćebićs	Ćebić	ENM:BEZ
Ćehajić	Ćehajić	ENM:PER:LST:NIX
Ćehajićs	Ćehajić	ENM:BEZ
Ćehić	Ćehić	ENM:PER:LST:NIX
Ćehićs	Ćehić	ENM:BEZ
Ćelović	Ćelović	ENM:PER:LST:NIX
Ćelovićs	Ćelović	ENM:BEZ
Ćemalović	Ćemalović	ENM:PER:LST:NIX
Ćemalovićs	Ćemalović	ENM:BEZ
Ćeman	Ćeman	ENM:PER:LST:NIX
Ćemans	Ćeman	ENM:BEZ
Ćerimović	Ćerimović	ENM:PER:LST:NIX
Ćerimovićs	Ćerimović	ENM:BEZ
Ćetković	Ćetković	ENM:PER:LST:NIX
Ćetkovićs	Ćetković	ENM:BEZ
Ćiraković	Ćiraković	ENM:PER:LST:NIX
Ćirakovićs	Ćiraković	ENM:BEZ
Ćirić	Ćirić	ENM:PER:LST:NIX
Ćirićs	Ćirić	ENM:BEZ
Ćirković	Ćirković	ENM:PER:LST:NIX
Ćirkovićs	Ćirković	ENM:BEZ
Ćoralić	Ćoralić	ENM:PER:LST:NIX
Ćoralićs	Ćoralić	ENM:BEZ
Ćorić	Ćorić	ENM:PER:LST:NIX
Ćorićs	Ćorić	ENM:BEZ
Ćorluka	Ćorluka	ENM:PER:LST:NIX
Ćorović	Ćorović	ENM:PER:LST:NIX
Ćorovićs	Ćorović	ENM:BEZ
Ćosićs	Ćosić	ENM:BEZ
Ćosović	Ćosović	ENM:PER:LST:NIX
Ćosovićs	Ćosović	ENM:BEZ
Ćudina	Ćudina	ENM:PER:LST:NIX
Ćuk	Ćuk	ENM:PER:LST:NIX
Ćuks	Ćuk	ENM:BEZ
Ćulafić	Ćulafić	ENM:PER:LST:NIX
Ćulafićs	Ćulafić	ENM:BEZ
Ćulibrk	Ćulibrk	ENM:PER:LST:NIX
Ćulibrks	Ćulibrk	ENM:BEZ
Ćurić	Ćurić	ENM:PER:LST:NIX
Ćurićs	Ćurić	ENM:BEZ
Ćurčić	Ćurčić	ENM:PER:LST:NIX
Ćurčićs	Ćurčić	ENM:BEZ
Ćustić	Ćustić	ENM:PER:LST:NIX
Ćustićs	Ćustić	ENM:BEZ
Čabrić	Čabrić	ENM:PER:LST:NIX
Čabrićs	Čabrić	ENM:BEZ
Čajić	Čajić	ENM:PER:LST:NIX
Čajićs	Čajić	ENM:BEZ
Čakardić	Čakardić	ENM:PER:LST:NIX
Čakardićs	Čakardić	ENM:BEZ
Čakarević	Čakarević	ENM:PER:LST:NIX
Čakarevićs	Čakarević	ENM:BEZ
Čalić	Čalić	ENM:PER:LST:NIX
Čalićs	Čalić	ENM:BEZ
Čamber	Čamber	ENM:PER:LST:NIX
Čambers	Čamber	ENM:BEZ
Čamdžić	Čamdžić	ENM:PER:LST:NIX
Čamdžićs	Čamdžić	ENM:BEZ
Čamo	Čamo	ENM:PER:LST:NIX
Čampara	Čampara	ENM:PER:LST:NIX
Čanić	Čanić	ENM:PER:LST:NIX
Čanićs	Čanić	ENM:BEZ
Čarapić	Čarapić	ENM:PER:LST:NIX
Čarapićs	Čarapić	ENM:BEZ
Čarkić	Čarkić	ENM:PER:LST:NIX
Čarkićs	Čarkić	ENM:BEZ
Čatović	Čatović	ENM:PER:LST:NIX
Čatovićs	Čatović	ENM:BEZ
Čaušević	Čaušević	ENM:PER:LST:NIX
Čauševićs	Čaušević	ENM:BEZ
Čavala	Čavala	ENM:PER:LST:NIX
Čavalić	Čavalić	ENM:PER:LST:NIX
Čavalićs	Čavalić	ENM:BEZ
Čavić	Čavić	ENM:PER:LST:NIX
Čavićs	Čavić	ENM:BEZ
Čavčić	Čavčić	ENM:PER:LST:NIX
Čavčićs	Čavčić	ENM:BEZ
Čechs	Čech	ENM:BEZ
Čehaja	Čehaja	ENM:PER:LST:NIX
Čehajić	Čehajić	ENM:PER:LST:NIX
Čehajićs	Čehajić	ENM:BEZ
Čehić	Čehić	ENM:PER:LST:NIX
Čehićs	Čehić	ENM:BEZ
Čekić	Čekić	ENM:PER:LST:NIX
Čekićs	Čekić	ENM:BEZ
Čeliković	Čeliković	ENM:PER:LST:NIX
Čelikovićs	Čeliković	ENM:BEZ
Čeljo	Čeljo	ENM:PER:LST:NIX
Čengić	Čengić	ENM:PER:LST:NIX
Čengićs	Čengić	ENM:BEZ
Čerkez	Čerkez	ENM:PER:LST:NIX
Češljić	Češljić	ENM:PER:LST:NIX
Češljićs	Češljić	ENM:BEZ
Čikić	Čikić	ENM:PER:LST:NIX
Čikićs	Čikić	ENM:BEZ
Čikotić	Čikotić	ENM:PER:LST:NIX
Čikotićs	Čikotić	ENM:BEZ
Čingel	Čingel	ENM:PER:LST:NIX
Čingels	Čingel	ENM:BEZ
Čipčija	Čipčija	ENM:PER:LST:NIX
Čirkić	Čirkić	ENM:PER:LST:NIX
Čirkićs	Čirkić	ENM:BEZ
Čizmić	Čizmić	ENM:PER:LST:NIX
Čizmićs	Čizmić	ENM:BEZ
Čičak	Čičak	ENM:PER:LST:NIX
Čičaks	Čičak	ENM:BEZ
Čobanović	Čobanović	ENM:PER:LST:NIX
Čobanovićs	Čobanović	ENM:BEZ
Čokljat	Čokljat	ENM:PER:LST:NIX
Čokljats	Čokljat	ENM:BEZ
Čolaković	Čolaković	ENM:PER:LST:NIX
Čolakovićs	Čolaković	ENM:BEZ
Čolić	Čolić	ENM:PER:LST:NIX
Čolićs	Čolić	ENM:BEZ
Čolo	Čolo	ENM:PER:LST:NIX
Čolović	Čolović	ENM:PER:LST:NIX
Čolovićs	Čolović	ENM:BEZ
Čopra	Čopra	ENM:PER:LST:NIX
Čorić	Čorić	ENM:PER:LST:NIX
Čorićs	Čorić	ENM:BEZ
Čortan	Čortan	ENM:PER:LST:NIX
Čortans	Čortan	ENM:BEZ
Čosić	Čosić	ENM:PER:LST:NIX
Čosićs	Čosić	ENM:BEZ
Čović	Čović	ENM:PER:LST:NIX
Čovićs	Čović	ENM:BEZ
Čulić	Čulić	ENM:PER:LST:NIX
Čulićs	Čulić	ENM:BEZ
Čulum	Čulum	ENM:PER:LST:NIX
Čulums	Čulum	ENM:BEZ
Čupić	Čupić	ENM:PER:LST:NIX
Čupićs	Čupić	ENM:BEZ
Čurčić	Čurčić	ENM:PER:LST:NIX
Čurčićs	Čurčić	ENM:BEZ
Čutić	Čutić	ENM:PER:LST:NIX
Čutićs	Čutić	ENM:BEZ
Čuturić	Čuturić	ENM:PER:LST:NIX
Čuturićs	Čuturić	ENM:BEZ
Čučić	Čučić	ENM:PER:LST:NIX
Čučićs	Čučić	ENM:BEZ
İbiş	İbiş	ENM:PER:LST:NIX
İbişs	İbiş	ENM:BEZ
İbrahims	İbrahim	ENM:BEZ
İlayda	İlayda	ENM:PER:FST
İlhan	İlhan	ENM:PER:LST:NIX
İlhans	İlhan	ENM:BEZ
İlknur	İlknur	ENM:PER:FST
İlknurs	İlknur	ENM:BEZ
İnan	İnan	ENM:PER:LST:NIX
İnanlı	İnanlı	ENM:PER:LST:NIX
İnanlıs	İnanlı	ENM:BEZ
İnans	İnan	ENM:BEZ
İnce	İnce	ENM:PER:LST:NIX
İnces	İnce	ENM:BEZ
İncesulu	İncesulu	ENM:PER:LST:NIX
İnci	İnci	ENM:PER:LST:NIX
İpek	İpek	ENM:PER:LST:NIX
İpeks	İpek	ENM:BEZ
İrem	İrem	ENM:PER:FST
İrems	İrem	ENM:BEZ
İsmails	İsmail	ENM:BEZ
İz	İz	ENM:PER:LST:NIX
İzci	İzci	ENM:PER:LST:NIX
Őzdemir	Őzdemir	ENM:PER:LST:NIX
Őzdemirs	Őzdemir	ENM:BEZ
Şabanoğlu	Şabanoğlu	ENM:PER:LST:NIX
Şabans	Şaban	ENM:BEZ
Şabaper	Şabaper	ENM:PER:LST:NIX
Şabapers	Şabaper	ENM:BEZ
Şafaklioğlu	Şafaklioğlu	ENM:PER:LST:NIX
Şahan	Şahan	ENM:PER:LST:NIX
Şahans	Şahan	ENM:BEZ
Şahbaz	Şahbaz	ENM:PER:LST:NIX
Şahbudak	Şahbudak	ENM:PER:LST:NIX
Şahbudaks	Şahbudak	ENM:BEZ
Şahinbaş	Şahinbaş	ENM:PER:LST:NIX
Şahinbaşs	Şahinbaş	ENM:BEZ
Şahinci	Şahinci	ENM:PER:LST:NIX
Şahiner	Şahiner	ENM:PER:LST:NIX
Şahiners	Şahiner	ENM:BEZ
Şahingöz	Şahingöz	ENM:PER:LST:NIX
Şahinkaya	Şahinkaya	ENM:PER:LST:NIX
Şahinoğlu	Şahinoğlu	ENM:PER:LST:NIX
Şahintürk	Şahintürk	ENM:PER:LST:NIX
Şahintürks	Şahintürk	ENM:BEZ
Şahinyan	Şahinyan	ENM:PER:LST:NIX
Şahinyans	Şahinyan	ENM:BEZ
Şahman	Şahman	ENM:PER:LST:NIX
Şahmans	Şahman	ENM:BEZ
Şahut	Şahut	ENM:PER:LST:NIX
Şahuts	Şahut	ENM:BEZ
Şakar	Şakar	ENM:PER:LST:NIX
Şakars	Şakar	ENM:BEZ
Şaki	Şaki	ENM:PER:LST:NIX
Şakirs	Şakir	ENM:BEZ
Şakrak	Şakrak	ENM:PER:LST:NIX
Şakraks	Şakrak	ENM:BEZ
Şal	Şal	ENM:PER:LST:NIX
Şals	Şal	ENM:BEZ
Şama	Şama	ENM:PER:LST:NIX
Şan	Şan	ENM:PER:LST:NIX
Şanal	Şanal	ENM:PER:LST:NIX
Şanals	Şanal	ENM:BEZ
Şanli	Şanli	ENM:PER:LST:NIX
Şanlitürk	Şanlitürk	ENM:PER:LST:NIX
Şanlitürks	Şanlitürk	ENM:BEZ
Şanliünal	Şanliünal	ENM:PER:LST:NIX
Şanliünals	Şanliünal	ENM:BEZ
Şans	Şan	ENM:BEZ
Şanver	Şanver	ENM:PER:LST:NIX
Şanvers	Şanver	ENM:BEZ
Şapci	Şapci	ENM:PER:LST:NIX
Şar	Şar	ENM:PER:LST:NIX
Şarakman	Şarakman	ENM:PER:LST:NIX
Şarakmans	Şarakman	ENM:BEZ
Şarlayan	Şarlayan	ENM:PER:LST:NIX
Şarlayans	Şarlayan	ENM:BEZ
Şarlli	Şarlli	ENM:PER:LST:NIX
Şars	Şar	ENM:BEZ
Şat	Şat	ENM:PER:LST:NIX
Şats	Şat	ENM:BEZ
Şavkin	Şavkin	ENM:PER:LST:NIX
Şavkins	Şavkin	ENM:BEZ
Şağ	Şağ	ENM:PER:LST:NIX
Şağs	Şağ	ENM:BEZ
Şaşma	Şaşma	ENM:PER:LST:NIX
Şaşmaz	Şaşmaz	ENM:PER:LST:NIX
Şebnems	Şebnem	ENM:BEZ
Şefika	Şefika	ENM:PER:FST
Şehitoğlu	Şehitoğlu	ENM:PER:LST:NIX
Şekercan	Şekercan	ENM:PER:LST:NIX
Şekercans	Şekercan	ENM:BEZ
Şekerci	Şekerci	ENM:PER:LST:NIX
Şekerdağ	Şekerdağ	ENM:PER:LST:NIX
Şekerdağs	Şekerdağ	ENM:BEZ
Şekerli	Şekerli	ENM:PER:LST:NIX
Şekers	Şeker	ENM:BEZ
Şemur	Şemur	ENM:PER:LST:NIX
Şemurs	Şemur	ENM:BEZ
Şen	Şen	ENM:PER:LST:NIX
Şenadim	Şenadim	ENM:PER:LST:NIX
Şenadims	Şenadim	ENM:BEZ
Şenal	Şenal	ENM:PER:LST:NIX
Şenals	Şenal	ENM:BEZ
Şenarabaci	Şenarabaci	ENM:PER:LST:NIX
Şenay	Şenay	ENM:PER:FST
Şenays	Şenay	ENM:BEZ
Şencan	Şencan	ENM:PER:LST:NIX
Şencans	Şencan	ENM:BEZ
Şenel	Şenel	ENM:PER:LST:NIX
Şenels	Şenel	ENM:BEZ
Şeners	Şener	ENM:BEZ
Şengel	Şengel	ENM:PER:LST:NIX
Şengels	Şengel	ENM:BEZ
Şengil	Şengil	ENM:PER:LST:NIX
Şengils	Şengil	ENM:BEZ
Şengönül	Şengönül	ENM:PER:LST:NIX
Şengönüls	Şengönül	ENM:BEZ
Şengül	Şengül	ENM:PER:LST:NIX
Şengüler	Şengüler	ENM:PER:LST:NIX
Şengülers	Şengüler	ENM:BEZ
Şengüls	Şengül	ENM:BEZ
Şengün	Şengün	ENM:PER:LST:NIX
Şengüns	Şengün	ENM:BEZ
Şenkal	Şenkal	ENM:PER:LST:NIX
Şenkals	Şenkal	ENM:BEZ
Şenkaya	Şenkaya	ENM:PER:LST:NIX
Şenler	Şenler	ENM:PER:LST:NIX
Şenlers	Şenler	ENM:BEZ
Şenli	Şenli	ENM:PER:LST:NIX
Şenlik	Şenlik	ENM:PER:LST:NIX
Şenlikoĝlu	Şenlikoĝlu	ENM:PER:LST:NIX
Şenlikoğlu	Şenlikoğlu	ENM:PER:LST:NIX
Şenliks	Şenlik	ENM:BEZ
Şenok	Şenok	ENM:PER:LST:NIX
Şenoks	Şenok	ENM:BEZ
Şenol	Şenol	ENM:PER:LST:NIX
Şenols	Şenol	ENM:BEZ
Şenoğlu	Şenoğlu	ENM:PER:LST:NIX
Şens	Şen	ENM:BEZ
Şenses	Şenses	ENM:PER:LST:NIX
Şensoy	Şensoy	ENM:PER:LST:NIX
Şensoys	Şensoy	ENM:BEZ
Şentürk	Şentürk	ENM:PER:LST:NIX
Şentürks	Şentürk	ENM:BEZ
Şenyer	Şenyer	ENM:PER:LST:NIX
Şenyers	Şenyer	ENM:BEZ
Şenyiğit	Şenyiğit	ENM:PER:LST:NIX
Şenyiğits	Şenyiğit	ENM:BEZ
Şenyürek	Şenyürek	ENM:PER:LST:NIX
Şenyüreks	Şenyürek	ENM:BEZ
Şeref	Şeref	ENM:PER:LST:NIX
Şerefli	Şerefli	ENM:PER:LST:NIX
Şerefs	Şeref	ENM:BEZ
Şerife	Şerife	ENM:PER:FST
Şerifes	Şerife	ENM:BEZ
Şerik	Şerik	ENM:PER:LST:NIX
Şeriks	Şerik	ENM:BEZ
Şevik	Şevik	ENM:PER:LST:NIX
Şeviks	Şevik	ENM:BEZ
Şevkets	Şevket	ENM:BEZ
Şevkin	Şevkin	ENM:PER:LST:NIX
Şevkins	Şevkin	ENM:BEZ
Şevval	Şevval	ENM:PER:FST
Şevvals	Şevval	ENM:BEZ
Şeyban	Şeyban	ENM:PER:LST:NIX
Şeybans	Şeyban	ENM:BEZ
Şeyda	Şeyda	ENM:PER:FST
Şeyma	Şeyma	ENM:PER:FST
Şikar	Şikar	ENM:PER:LST:NIX
Şikars	Şikar	ENM:BEZ
Şimsek	Şimsek	ENM:PER:LST:NIX
Şimseks	Şimsek	ENM:BEZ
Şimşeks	Şimşek	ENM:BEZ
Şimşir	Şimşir	ENM:PER:LST:NIX
Şimşirs	Şimşir	ENM:BEZ
Şirin	Şirin	ENM:PER:FST
Şirin	Şirin	ENM:PER:LST:NIX
Şişman	Şişman	ENM:PER:LST:NIX
Şişmans	Şişman	ENM:BEZ
Şuheda	Şuheda	ENM:PER:FST
Şule	Şule	ENM:PER:FST
Şules	Şule	ENM:BEZ
Şumnu	Şumnu	ENM:PER:LST:NIX
Şöllü	Şöllü	ENM:PER:LST:NIX
Şöllüs	Şöllü	ENM:BEZ
Şörman	Şörman	ENM:PER:LST:NIX
Şörmans	Şörman	ENM:BEZ
Şüheda	Şüheda	ENM:PER:FST
Şükran	Şükran	ENM:PER:FST
Şükrans	Şükran	ENM:BEZ
Şükrüs	Şükrü	ENM:BEZ
Şükür	Şükür	ENM:PER:LST:NIX
Şükürs	Şükür	ENM:BEZ
Šaban	Šaban	ENM:PER:LST:NIX
Šabanagić	Šabanagić	ENM:PER:LST:NIX
Šabanagićs	Šabanagić	ENM:BEZ
Šabani	Šabani	ENM:PER:LST:NIX
Šabanović	Šabanović	ENM:PER:LST:NIX
Šabanovićs	Šabanović	ENM:BEZ
Šabans	Šaban	ENM:BEZ
Šabaredžović	Šabaredžović	ENM:PER:LST:NIX
Šabaredžovićs	Šabaredžović	ENM:BEZ
Šabić	Šabić	ENM:PER:LST:NIX
Šabićs	Šabić	ENM:BEZ
Šabotić	Šabotić	ENM:PER:LST:NIX
Šabotićs	Šabotić	ENM:BEZ
Šabović	Šabović	ENM:PER:LST:NIX
Šabovićs	Šabović	ENM:BEZ
Šagi	Šagi	ENM:PER:LST:NIX
Šahbaz	Šahbaz	ENM:PER:LST:NIX
Šahman	Šahman	ENM:PER:LST:NIX
Šahmanović	Šahmanović	ENM:PER:LST:NIX
Šahmanovićs	Šahmanović	ENM:BEZ
Šahmans	Šahman	ENM:BEZ
Šahović	Šahović	ENM:PER:LST:NIX
Šahovićs	Šahović	ENM:BEZ
Šajinović	Šajinović	ENM:PER:LST:NIX
Šajinovićs	Šajinović	ENM:BEZ
Šakanović	Šakanović	ENM:PER:LST:NIX
Šakanovićs	Šakanović	ENM:BEZ
Šakić	Šakić	ENM:PER:LST:NIX
Šakićs	Šakić	ENM:BEZ
Šakota	Šakota	ENM:PER:LST:NIX
Šaković	Šaković	ENM:PER:LST:NIX
Šakovićs	Šaković	ENM:BEZ
Šaldić	Šaldić	ENM:PER:LST:NIX
Šaldićs	Šaldić	ENM:BEZ
Šalov	Šalov	ENM:PER:LST:NIX
Šalovs	Šalov	ENM:BEZ
Šantić	Šantić	ENM:PER:LST:NIX
Šantićs	Šantić	ENM:BEZ
Šarac	Šarac	ENM:PER:LST:NIX
Šaracs	Šarac	ENM:BEZ
Šarić	Šarić	ENM:PER:LST:NIX
Šarićs	Šarić	ENM:BEZ
Šarkesi	Šarkesi	ENM:PER:LST:NIX
Šarkezi	Šarkezi	ENM:PER:LST:NIX
Šaćirović	Šaćirović	ENM:PER:LST:NIX
Šaćirovićs	Šaćirović	ENM:BEZ
Šašić	Šašić	ENM:PER:LST:NIX
Šašićs	Šašić	ENM:BEZ
Šehagić	Šehagić	ENM:PER:LST:NIX
Šehagićs	Šehagić	ENM:BEZ
Šehić	Šehić	ENM:PER:LST:NIX
Šehićs	Šehić	ENM:BEZ
Šehović	Šehović	ENM:PER:LST:NIX
Šehovićs	Šehović	ENM:BEZ
Šehrić	Šehrić	ENM:PER:LST:NIX
Šehrićs	Šehrić	ENM:BEZ
Šejla	Šejla	ENM:PER:FST
Šekularac	Šekularac	ENM:PER:LST:NIX
Šekularacs	Šekularac	ENM:BEZ
Šemović	Šemović	ENM:PER:LST:NIX
Šemovićs	Šemović	ENM:BEZ
Šendro	Šendro	ENM:PER:LST:NIX
Šendula	Šendula	ENM:PER:LST:NIX
Šerifović	Šerifović	ENM:PER:LST:NIX
Šerifovićs	Šerifović	ENM:BEZ
Šestan	Šestan	ENM:PER:LST:NIX
Šestans	Šestan	ENM:BEZ
Šević	Šević	ENM:PER:LST:NIX
Ševićs	Šević	ENM:BEZ
Šečić	Šečić	ENM:PER:LST:NIX
Šečićs	Šečić	ENM:BEZ
Šijačić	Šijačić	ENM:PER:LST:NIX
Šijačićs	Šijačić	ENM:BEZ
Šikanić	Šikanić	ENM:PER:LST:NIX
Šikanićs	Šikanić	ENM:BEZ
Šilić	Šilić	ENM:PER:LST:NIX
Šilićs	Šilić	ENM:BEZ
Šimićs	Šimić	ENM:BEZ
Šimič	Šimič	ENM:PER:LST:NIX
Šimičević	Šimičević	ENM:PER:LST:NIX
Šimičevićs	Šimičević	ENM:BEZ
Šimičs	Šimič	ENM:BEZ
Šimunović	Šimunović	ENM:PER:LST:NIX
Šimunovićs	Šimunović	ENM:BEZ
Šimšić	Šimšić	ENM:PER:LST:NIX
Šimšićs	Šimšić	ENM:BEZ
Šipkar	Šipkar	ENM:PER:LST:NIX
Šipkars	Šipkar	ENM:BEZ
Širbegović	Širbegović	ENM:PER:LST:NIX
Širbegovićs	Širbegović	ENM:BEZ
Širić	Širić	ENM:PER:LST:NIX
Širićs	Širić	ENM:BEZ
Šišanović	Šišanović	ENM:PER:LST:NIX
Šišanovićs	Šišanović	ENM:BEZ
Šišić	Šišić	ENM:PER:LST:NIX
Šišićs	Šišić	ENM:BEZ
Škamo	Škamo	ENM:PER:LST:NIX
Škobalj	Škobalj	ENM:PER:LST:NIX
Škobaljs	Škobalj	ENM:BEZ
Škorić	Škorić	ENM:PER:LST:NIX
Škorićs	Škorić	ENM:BEZ
Škrijelj	Škrijelj	ENM:PER:LST:NIX
Škrijeljs	Škrijelj	ENM:BEZ
Šmit	Šmit	ENM:PER:LST:NIX
Šmits	Šmit	ENM:BEZ
Šoda	Šoda	ENM:PER:LST:NIX
Šolar	Šolar	ENM:PER:LST:NIX
Šolars	Šolar	ENM:BEZ
Šoštarić	Šoštarić	ENM:PER:LST:NIX
Šoštarićs	Šoštarić	ENM:BEZ
Španja	Španja	ENM:PER:LST:NIX
Španović	Španović	ENM:PER:LST:NIX
Španovićs	Španović	ENM:BEZ
Šrndić	Šrndić	ENM:PER:LST:NIX
Šrndićs	Šrndić	ENM:BEZ
Štimac	Štimac	ENM:PER:LST:NIX
Štimacs	Štimac	ENM:BEZ
Štrbac	Štrbac	ENM:PER:LST:NIX
Štrbacs	Štrbac	ENM:BEZ
Šubarić	Šubarić	ENM:PER:LST:NIX
Šubarićs	Šubarić	ENM:BEZ
Šukurica	Šukurica	ENM:PER:LST:NIX
Šuljak	Šuljak	ENM:PER:LST:NIX
Šuljaks	Šuljak	ENM:BEZ
Šuman	Šuman	ENM:PER:LST:NIX
Šumans	Šuman	ENM:BEZ
Šurković	Šurković	ENM:PER:LST:NIX
Šurkovićs	Šurković	ENM:BEZ
Šuta	Šuta	ENM:PER:LST:NIX
Šućur	Šućur	ENM:PER:LST:NIX
Šućurs	Šućur	ENM:BEZ
Šušnja	Šušnja	ENM:PER:LST:NIX
Švajgr	Švajgr	ENM:PER:LST:NIX
Švajgrs	Švajgr	ENM:BEZ
Švraka	Švraka	ENM:PER:LST:NIX
Šćekić	Šćekić	ENM:PER:LST:NIX
Šćekićs	Šćekić	ENM:BEZ
Žanić	Žanić	ENM:PER:LST:NIX
Žanićs	Žanić	ENM:BEZ
Žarkov	Žarkov	ENM:PER:LST:NIX
Žarkovs	Žarkov	ENM:BEZ
Žepčan	Žepčan	ENM:PER:LST:NIX
Žepčans	Žepčan	ENM:BEZ
Žerić	Žerić	ENM:PER:LST:NIX
Žerićs	Žerić	ENM:BEZ
Žigić	Žigić	ENM:PER:LST:NIX
Žigićs	Žigić	ENM:BEZ
Žilić	Žilić	ENM:PER:LST:NIX
Žilićs	Žilić	ENM:BEZ
Živak	Živak	ENM:PER:LST:NIX
Živaks	Živak	ENM:BEZ
Živalj	Živalj	ENM:PER:LST:NIX
Živaljs	Živalj	ENM:BEZ
Živanović	Živanović	ENM:PER:LST:NIX
Živanovićs	Živanović	ENM:BEZ
Živkovićs	Živković	ENM:BEZ
Živčić	Živčić	ENM:PER:LST:NIX
Živčićs	Živčić	ENM:BEZ
Žiško	Žiško	ENM:PER:LST:NIX
Žunić	Žunić	ENM:PER:LST:NIX
Žunićs	Žunić	ENM:BEZ
