# A part-of-speech dictionary that's used additionally to the binary dictionary (*.dict).
# This does not add words to the spell checker, see hunspell/spelling.txt for that.
# File Encoding: UTF-8
# Format: three tab-separated fields: fullform baseform postags
Alberti	Alberti	NPCNSP0
Aldini	Aldini	NPCNSP0
Aldrin	Aldrin	NPCNSP0
Alekséi	Alekséi	NPMSSP0
Android	Android	NPCNO00
Arcimboldo	Arcimboldo	NPMSSP0
Australopithecus	Australopithecus	NCMN000
Ayuso	Ayuso	NPCNSP0
Bancaja	Bancaja	NPFSO00
Bankia	Bankia	NPFSO00
Becker	Becker	NPCNSP0
Benguerel	Benguerel	NPCNSP0
Bergoglio	Bergoglio	NPCNSP0
Bersey	Bersey	NPCNSP0
Buonarroti	Buonarroti	NPCNSP0
CGPJ	CGPJ	NPMSO00
Carlisle	Carlisle	NPCNG00
Carnegie	Carnegie	NPCNSP0
Catar	Catar	NPCSG00
Cavendish	Cavendish	NPCNSP0
Chéjov	Chéjov	NPCPS0
Cinquecento	Cinquecento	NCMS000
Contrahierbas	Contrahierbas	NPCNG00
Cunningham	Cunningham	NPCNSP0
Davidson	Davidson	NPCNSP0
Dawkins	Dawkins	NPCNSP0
DeLorean	DeLorean	NPCNO00
Delacroix	Delacroix	NPCNSP0
Down	Down	NPCNSP0
Dumas	Dumas	NPCNSP0
ERC	ERC	NPCNO00
ESA	ESA	NPFSO00
ESO	ESO	NCFS000
Edurne	Edurne	NPFSSP0
Elon	Elon	NPMSSP0
Ennio	Ennio	NPMSSP0
FROB	FROB	NPMSO00
FTP	FTP	NCMN000
Faraday	Faraday	NPCNSP0
Fauré	Fauré	NPCNSP0
Fontalba	Fontalba	NPFSG00
Foster	Foster	NPCNSP0
Freddie	Freddie	NPMSSP0
Freixa	Freixa	NPCNSP0
Galeazzi	Galeazzi	NPCNSP0
Galvani	Galvani	NPCNSP0
Gerhard	Gerhard	NPCNSP0
Gianni	Gianni	NPMSSP0
Hawks	Hawks	NPCNSP0
Hayek	Hayek	NPCNSP0
Hergé	Hergé	NPMSSP0
Hermione	Hermione	NPFSSP0
Hertzsprung	Hertzsprung	NPCNSP0
Hilary	Hilary	NPFSSP0
ID	ID	NCMN000
Iósif	Iósif	NPMSSP0
Jacobi	Jacobi	NPCNSP0
Joselito	Joselito	NPMSSP0
Kaláshnikov	Kaláshnikov	NPCNSP0
Keitel	Keitel	NPCNSP0
Keynes	Keynes	NPCNSP0
Krugman	Krugman	NPCNSP0
Kuiper	Kuiper	NPCNSP0
Laplace	Laplace	NPCNSP0
Lesmes	Lesmes	NPCNSP0
Lipschutz	Lipschutz	NPCNSP0
Lloyd	Lloyd	NPCNSP0
Lovelace	Lovelace	NPCNSP0
Mainat	Mainat	NPCNSP0
Manolete	Manolete	NPMSSP0
Marchena	Marchena	NPCNSP0
Marrakech	Marrakech	NPCSG00
Marraquech	Marraquech	NPCSG00
MasterChef	MasterChef	NPCNO00
Moritz	Moritz	NPCNSP0
Morricone	Morricone	NPCNSP0
Musk	Musk	NPCNSP0
Navalny	Navalny	NPCNSP0
Nicholson	Nicholson	NPCNSP0
Nikola	Nikola	NPMSSP0
Noah	Noah	NPCSSP0
Nyong'o	Nyong'o	NPCNSP0
Oersted	Oersted	NPCNSP0
Orwell	Orwell	NPCNSP0
Paddington	Paddington	NPCNSP0
Parma	Parma	NPFSG00
Pollock	Pollock	NPCNSP0
Priestley	Priestley	NPCNSP0
Qatar	Qatar	NPCSG00
Quattrocento	Quattrocento	NCMS000
RTVE	RTVE	NPFSO00
Rainhill	Rainhill	NPCNG00
Reich	Reich	NPCNSP0
Romagnosi	Romagnosi	NPCNSP0
Rothschild	Rothschild	NPCNSP0
SAT	SAT	NPCNO00
SMTP	SMTP	NCMN000
Sainz	Sainz	NPCNSP0
Sanjurjo	Sanjurjo	NPCNSP0
Schneider	Schneider	NPCNSP0
Schröder	Schröder	NPCNSP0
Schwartz	Schwartz	NPCNSP0
Science	Science	NPFSO00
Sinclair	Sinclair	NPCNSP0
Somerville	Somerville	NPCSG00
Soros	Soros	NPCNSP0
Stephenson	Stephenson	NPCNSP0
Taiping	Taiping	NPCNSP0
Tanganica	Tanganica	NPCSG00
Tanganika	Tanganika	NPCSG00
Tarquinio	Tarquinio	NPMSSP0
Thor	Thor	NPMSSP0
Tiffany	Tiffany	NPCNO00
Torra	Torra	NPCNSP0
Tourette	Tourette	NPCNSP0
Trouvé	Trouvé	NPCNSP0
Tullerías	Tullerías	NPFPG00
Turkestán	Turkestán	NPCSG00
Turquestán	Turquestán	NPCSG00
Unicef	Unicef	NPCSO00
Verne	Verne	NPCNSP0
Vesubio	Vesubio	NPMSG00
Volta	Volta	NPCNSP0
Vox	Vox	NPCNO00
Warhol	Warhol	NPCNSP0
Willendorf	Willendorf	NPCNSP0
Wollstonecraft	Wollstonecraft	NPCNSP0
aloe	aloe	NCMS000
aloes	aloe	NCMP000
antiniebla	antiniebla	AQ0CN0
antiniebla	antiniebla	NCMS000
antinieblas	antiniebla	NCMP000
antipolilla	antipolilla	NCMS000
antipolillas	antipolilla	NCMP000
antracoanálisis	antracoanálisis	NCMN000
archirrival	archirrival	AQ0CS0
archirrivales	archirrival	AQ0CP0
askenazi	askenazi	AQ0CS0
askenazis	askenazi	AQ0CP0
asquenazi	asquenazi	AQ0CS0
asquenazis	asquenazi	AQ0CP0
asquenazí	asquenazí	AQ0CS0
asquenazíes	asquenazí	AQ0CP0
asquenazís	asquenazí	AQ0CP0
autoanuncio	autoanuncio	NCMS000
autoanuncios	autoanuncio	NCMP000
autosecuestro	autosecuestro	NCMS000
autosecuestros	autosecuestro	NCMP000
botecito	botecito	NCMS000
botecitos	botecito	NCMP000
camicace	camicace	AQ0CS0
camicace	camicace	NCCS000
camicaces	camicace	AQ0CP0
camicaces	camicace	NCCP000
carmelita	carmelita	AQ0CS0
carmelita	carmelita	NCCS000
carmelitas	carmelita	AQ0CP0
carmelitas	carmelita	NCCP000
centro-derecha	centro-derecha	NCCS000
centro-derechas	centro-derecha	NCCP000
centro-izquierda	centro-izquierda	NCCS000
centro-izquierdas	centro-izquierda	NCCP000
centroderecha	centroderecha	NCCS000
centroderechas	centroderecha	NCCP000
centroizquierda	centroizquierda	NCCS000
centroizquierdas	centroizquierda	NCCP000
chibcha	chibcha	AQ0CS0
chibcha	chibcha	NCCS000
chibchas	chibcha	AQ0CP0
chibchas	chibcha	NCCP000
cisexualidad	cisexualidad	NCFS000
cisexualidades	cisexualidad	NCFP000
cisfobia	cisfobia	NCFS000
cisfobias	cisfobia	NCFP000
compañerita	compañerito	NCFS000
compañeritas	compañerito	NCFP000
compañerito	compañerito	NCMS000
compañeritos	compañerito	NCMP000
copec	copec	NCMS000
copecs	copec	NCMP000
curita	curita	NCCS000
curitas	curita	NCCP000
descarbonizaciones	descarbonización	NCFP000
descarbonización	descarbonización	NCFS000
dragoncito	dragoncito	NCMS000
dragoncitos	dragoncito	NCMP000
ergastoplasma	ergastoplasma	NCMS000
ergastoplasmas	ergastoplasma	NCMP000
excepcionalísima	excepcionalísimo	AQAFS0
excepcionalísimas	excepcionalísimo	AQAFP0
excepcionalísimo	excepcionalísimo	AQAMS0
excepcionalísimos	excepcionalísimo	AQAMP0
exprés	exprés	AQ0CN0
faccionalismo	faccionalismo	NCMS000
faccionalismos	faccionalismo	NCMP000
filonazi	filonazi	AQ0CS0
filonazis	filonazi	AQ0CP0
glocal	glocal	AQ0CS0
glocales	glocal	AQ0CP0
glocalizaciones	glocalización	NCFP000
glocalización	glocalización	NCFS000
grizzlies	grizzly	NCMP000
grizzly	grizzly	NCMS000
grooming	grooming	NCMS000
grupito	grupito	NCMS000
grupitos	grupito	NCMP000
harem	harem	NCMS000
harems	harem	NCMP000
heterofobia	heterofobia	NCFS000
heterofobias	heterofobia	NCFP000
hialoplasma	hialoplasma	NCMS000
hialoplasmas	hialoplasma	NCMP000
hipnoanálisis	hipnoanálisis	NCMN000
indopakistaní	indopakistaní	AQ0CS0
indopakistaníes	indopakistaní	AQ0CP0
indopakistanís	indopakistaní	AQ0CP0
inmunoanálisis	inmunoanálisis	NCMN000
interfobia	interfobia	NCFS000
interfobias	interfobia	NCFP000
iusnaturalismo	iusnaturalismo	NCMS000
iusnaturalismos	iusnaturalismo	NCMP000
kamikaze	kamikaze	AQ0CS0
kamikazes	kamikaze	AQ0CP0
kerosene	kerosene	NCMS000
kerosenes	kerosene	NCMP000
kerosenes	kerosén	NCMP000
kerosén	kerosén	NCMS000
kiosquera	kiosquero	NCFS000
kiosqueras	kiosquero	NCFP000
kiosquero	kiosquero	NCMS000
kiosqueros	kiosquero	NCMP000
malgasto	malgasto	NCMS000
malgastos	malgasto	NCMP000
marakechí	marakechí	AQ0CS0
marakechíes	marakechí	AQ0CP0
marakechís	marakechí	AQ0CP0
maraquechí	maraquechí	AQ0CS0
maraquechíes	maraquechí	AQ0CP0
maraquechís	maraquechí	AQ0CP0
microanálisis	microanálisis	NCMN000
microcoche	microcoche	NCMS000
microcoches	microcoche	NCMP000
miembro	miembro	AQ0CS0
miembros	miembro	AQ0CP0
moka	moka	NCFS000
mokas	moka	NCFP000
monosexual	monosexual	AQ0CS0
monosexuales	monosexual	AQ0CP0
monosexualidad	monosexualidad	NCFS000
monosexualidades	monosexualidad	NCFP000
musaka	musaka	NCFS000
musakas	musaka	NCFP000
ocapi	ocapi	NCMS000
ocapis	ocapi	NCMP000
ochentera	ochentero	AQ0FS0
ochenteras	ochentero	AQ0FP0
ochentero	ochentero	AQ0MS0
ochenteros	ochentero	AQ0MP0
ojímetro	ojímetro	NCMS000
ojímetros	ojímetro	NCMP000
omertà	omertà	NCFS000
omertá	omertá	NCFS000
ortomolecular	ortomolecular	AQ0CS0
ortomoleculares	ortomolecular	AQ0CP0
paradiplomacia	paradiplomacia	NCFS000
paradiplomacias	paradiplomacia	NCFP000
paradiplomática	paradiplomático	AQ0FS0
paradiplomáticas	paradiplomático	AQ0FP0
paradiplomático	paradiplomático	AQ0MS0
paradiplomáticos	paradiplomático	AQ0MP0
pequeñines	pequeñín	AQ0MP0
pequeñín	pequeñín	AQ0MS0
pequeñína	pequeñín	AQ0FS0
pequeñínas	pequeñín	AQ0FP0
pigmentocracia	pigmentocracia	NCFS000
polka	polka	NCFS000
polkas	polka	NCFP000
pseudoterapia	pseudoterapia	NCFS000
pseudoterapias	pseudoterapia	NCFP000
qatarí	qatarí	AQ0CS0
qataríes	qatarí	AQ0CP0
qatarís	qatarí	AQ0CP0
quads	quad	NCMP000
quermeses	quermés	NCFP000
quermés	quermés	NCFS000
quinesiología	quinesiología	NCFS000
quinesiologías	quinesiología	NCFP000
quinesioterapia	quinesioterapia	NCFS000
quinesioterapias	quinesioterapia	NCFP000
quinesioterápica	quinesioterápico	AQ0FS0
quinesioterápicas	quinesioterápico	AQ0FP0
quinesioterápico	quinesioterápico	AQ0MS0
quinesioterápicos	quinesioterápico	AQ0MP0
quinesiterapia	quinesiterapia	NCFS000
quinesiterapias	quinesiterapia	NCFP000
quinesiterápica	quinesiterápico	AQ0FS0
quinesiterápicas	quinesiterápico	AQ0FP0
quinesiterápico	quinesiterápico	AQ0MS0
quinesiterápicos	quinesiterápico	AQ0MP0
quinesióloga	quinesiólogo	NCFS000
quinesiólogas	quinesiólogo	NCFP000
quinesiólogo	quinesiólogo	NCMS000
quinesiólogos	quinesiólogo	NCMP000
ratoncito	ratoncito	NCMS000
ratoncitos	ratoncito	NCMP000
ready-made	ready-made	AQ0CN0
reescalada	reescalada	NCFS000
reescaladas	reescalada	NCFP000
resocializaciones	resocialización	NCFP000
resocialización	resocialización	NCFS000
sargento	sargento	NCCS000
sargentos	sargento	NCCP000
seudoterapia	seudoterapia	NCFS000
seudoterapias	seudoterapia	NCFP000
sindemia	sindemia	NCFS000
sindemias	sindemia	NCFP000
sobrevirador	sobrevirador	NCMS000
sobreviradores	sobrevirador	NCMP000
start-up	start-up	NCFS000
start-ups	start-up	NCFP000
startup	startup	NCFS000
startups	startup	NCFP000
subespecialidad	subespecialidad	NCFS000
subespecialidades	subespecialidad	NCFP000
subvirador	subvirador	NCMS000
subviradores	subvirador	NCMP000
superalegre	superalegre	AQ0CS0
superalegres	superalegre	AQ0CP0
superpropagador	superpropagador	AQ0MS0
superpropagadora	superpropagador	AQ0FS0
superpropagadoras	superpropagador	AQ0FP0
superpropagadores	superpropagador	AQ0MP0
telekinesia	telekinesia	NCFS000
telekinesias	telekinesia	NCFP000
telekinesis	telekinesis	NCFN000
transgenerismo	transgenerismo	NCMS000
transgenerismos	transgenerismo	NCMP000
ultravioleta	ultravioleta	AQ0CN0
youtuber	youtuber	AQ0CS0
youtubera	youtubero	AQ0FS0
youtuberas	youtubero	AQ0FP0
youtubero	youtubero	AQ0MS0
youtuberos	youtubero	AQ0MP0
youtubers	youtuber	AQ0CP0
Ørsted	Ørsted	NPCNSP0
